/home/m5cs/Desktop/CNN-Autonomous-RPi-Car/Step1-Data-Collection/DataCollected/IMG9/Image_1678903959130162.jpg,-0.03
/home/m5cs/Desktop/CNN-Autonomous-RPi-Car/Step1-Data-Collection/DataCollected/IMG9/Image_1678903959329073.jpg,-0.03
/home/m5cs/Desktop/CNN-Autonomous-RPi-Car/Step1-Data-Collection/DataCollected/IMG9/Image_1678903959378353.jpg,-0.03
/home/m5cs/Desktop/CNN-Autonomous-RPi-Car/Step1-Data-Collection/DataCollected/IMG9/Image_1678903959426352.jpg,-0.03
/home/m5cs/Desktop/CNN-Autonomous-RPi-Car/Step1-Data-Collection/DataCollected/IMG9/Image_1678903959478657.jpg,-0.03
/home/m5cs/Desktop/CNN-Autonomous-RPi-Car/Step1-Data-Collection/DataCollected/IMG9/Image_1678903959528171.jpg,-0.03
/home/m5cs/Desktop/CNN-Autonomous-RPi-Car/Step1-Data-Collection/DataCollected/IMG9/Image_1678903959578841.jpg,-0.03
/home/m5cs/Desktop/CNN-Autonomous-RPi-Car/Step1-Data-Collection/DataCollected/IMG9/Image_1678903959631924.jpg,-0.03
/home/m5cs/Desktop/CNN-Autonomous-RPi-Car/Step1-Data-Collection/DataCollected/IMG9/Image_1678903959680792.jpg,-0.03
/home/m5cs/Desktop/CNN-Autonomous-RPi-Car/Step1-Data-Collection/DataCollected/IMG9/Image_1678903959727514.jpg,-0.03
/home/m5cs/Desktop/CNN-Autonomous-RPi-Car/Step1-Data-Collection/DataCollected/IMG9/Image_1678903959776814.jpg,-0.03
/home/m5cs/Desktop/CNN-Autonomous-RPi-Car/Step1-Data-Collection/DataCollected/IMG9/Image_1678903959825089.jpg,-0.03
/home/m5cs/Desktop/CNN-Autonomous-RPi-Car/Step1-Data-Collection/DataCollected/IMG9/Image_1678903959881635.jpg,-0.03
/home/m5cs/Desktop/CNN-Autonomous-RPi-Car/Step1-Data-Collection/DataCollected/IMG9/Image_1678903959939991.jpg,-0.03
/home/m5cs/Desktop/CNN-Autonomous-RPi-Car/Step1-Data-Collection/DataCollected/IMG9/Image_1678903959994038.jpg,-0.03
/home/m5cs/Desktop/CNN-Autonomous-RPi-Car/Step1-Data-Collection/DataCollected/IMG9/Image_1678903960046208.jpg,-0.03
/home/m5cs/Desktop/CNN-Autonomous-RPi-Car/Step1-Data-Collection/DataCollected/IMG9/Image_1678903960098211.jpg,-0.03
/home/m5cs/Desktop/CNN-Autonomous-RPi-Car/Step1-Data-Collection/DataCollected/IMG9/Image_1678903960148313.jpg,-0.03
/home/m5cs/Desktop/CNN-Autonomous-RPi-Car/Step1-Data-Collection/DataCollected/IMG9/Image_1678903960196766.jpg,-0.03
/home/m5cs/Desktop/CNN-Autonomous-RPi-Car/Step1-Data-Collection/DataCollected/IMG9/Image_1678903960247295.jpg,-0.03
/home/m5cs/Desktop/CNN-Autonomous-RPi-Car/Step1-Data-Collection/DataCollected/IMG9/Image_1678903960319246.jpg,-0.03
/home/m5cs/Desktop/CNN-Autonomous-RPi-Car/Step1-Data-Collection/DataCollected/IMG9/Image_1678903960380638.jpg,-0.03
/home/m5cs/Desktop/CNN-Autonomous-RPi-Car/Step1-Data-Collection/DataCollected/IMG9/Image_1678903960436287.jpg,-0.03
/home/m5cs/Desktop/CNN-Autonomous-RPi-Car/Step1-Data-Collection/DataCollected/IMG9/Image_1678903960496286.jpg,-0.03
/home/m5cs/Desktop/CNN-Autonomous-RPi-Car/Step1-Data-Collection/DataCollected/IMG9/Image_1678903960544579.jpg,-0.03
/home/m5cs/Desktop/CNN-Autonomous-RPi-Car/Step1-Data-Collection/DataCollected/IMG9/Image_1678903960600795.jpg,-0.03
/home/m5cs/Desktop/CNN-Autonomous-RPi-Car/Step1-Data-Collection/DataCollected/IMG9/Image_1678903960659627.jpg,-0.03
/home/m5cs/Desktop/CNN-Autonomous-RPi-Car/Step1-Data-Collection/DataCollected/IMG9/Image_1678903960711522.jpg,-0.03
/home/m5cs/Desktop/CNN-Autonomous-RPi-Car/Step1-Data-Collection/DataCollected/IMG9/Image_1678903960757962.jpg,-0.03
/home/m5cs/Desktop/CNN-Autonomous-RPi-Car/Step1-Data-Collection/DataCollected/IMG9/Image_1678903960808546.jpg,-0.03
/home/m5cs/Desktop/CNN-Autonomous-RPi-Car/Step1-Data-Collection/DataCollected/IMG9/Image_1678903960859459.jpg,-0.03
/home/m5cs/Desktop/CNN-Autonomous-RPi-Car/Step1-Data-Collection/DataCollected/IMG9/Image_1678903960917084.jpg,-0.03
/home/m5cs/Desktop/CNN-Autonomous-RPi-Car/Step1-Data-Collection/DataCollected/IMG9/Image_1678903960966566.jpg,-0.03
/home/m5cs/Desktop/CNN-Autonomous-RPi-Car/Step1-Data-Collection/DataCollected/IMG9/Image_1678903961017852.jpg,-0.03
/home/m5cs/Desktop/CNN-Autonomous-RPi-Car/Step1-Data-Collection/DataCollected/IMG9/Image_1678903961069886.jpg,-0.03
/home/m5cs/Desktop/CNN-Autonomous-RPi-Car/Step1-Data-Collection/DataCollected/IMG9/Image_1678903961119153.jpg,-0.03
/home/m5cs/Desktop/CNN-Autonomous-RPi-Car/Step1-Data-Collection/DataCollected/IMG9/Image_167890396116865.jpg,-0.03
/home/m5cs/Desktop/CNN-Autonomous-RPi-Car/Step1-Data-Collection/DataCollected/IMG9/Image_1678903961220621.jpg,-0.03
/home/m5cs/Desktop/CNN-Autonomous-RPi-Car/Step1-Data-Collection/DataCollected/IMG9/Image_167890396127553.jpg,-0.03
/home/m5cs/Desktop/CNN-Autonomous-RPi-Car/Step1-Data-Collection/DataCollected/IMG9/Image_1678903961327636.jpg,-0.03
/home/m5cs/Desktop/CNN-Autonomous-RPi-Car/Step1-Data-Collection/DataCollected/IMG9/Image_1678903961378776.jpg,-0.03
/home/m5cs/Desktop/CNN-Autonomous-RPi-Car/Step1-Data-Collection/DataCollected/IMG9/Image_1678903961430543.jpg,-0.03
/home/m5cs/Desktop/CNN-Autonomous-RPi-Car/Step1-Data-Collection/DataCollected/IMG9/Image_1678903961479198.jpg,-0.03
/home/m5cs/Desktop/CNN-Autonomous-RPi-Car/Step1-Data-Collection/DataCollected/IMG9/Image_1678903961528007.jpg,-0.03
/home/m5cs/Desktop/CNN-Autonomous-RPi-Car/Step1-Data-Collection/DataCollected/IMG9/Image_167890396157791.jpg,-0.03
/home/m5cs/Desktop/CNN-Autonomous-RPi-Car/Step1-Data-Collection/DataCollected/IMG9/Image_1678903961624908.jpg,-0.03
/home/m5cs/Desktop/CNN-Autonomous-RPi-Car/Step1-Data-Collection/DataCollected/IMG9/Image_1678903961672399.jpg,-0.03
/home/m5cs/Desktop/CNN-Autonomous-RPi-Car/Step1-Data-Collection/DataCollected/IMG9/Image_167890396172746.jpg,-0.03
/home/m5cs/Desktop/CNN-Autonomous-RPi-Car/Step1-Data-Collection/DataCollected/IMG9/Image_1678903961777802.jpg,-0.03
/home/m5cs/Desktop/CNN-Autonomous-RPi-Car/Step1-Data-Collection/DataCollected/IMG9/Image_1678903961825098.jpg,-0.03
/home/m5cs/Desktop/CNN-Autonomous-RPi-Car/Step1-Data-Collection/DataCollected/IMG9/Image_1678903961881202.jpg,-0.03
/home/m5cs/Desktop/CNN-Autonomous-RPi-Car/Step1-Data-Collection/DataCollected/IMG9/Image_1678903961935155.jpg,-0.03
/home/m5cs/Desktop/CNN-Autonomous-RPi-Car/Step1-Data-Collection/DataCollected/IMG9/Image_1678903961988933.jpg,-0.03
/home/m5cs/Desktop/CNN-Autonomous-RPi-Car/Step1-Data-Collection/DataCollected/IMG9/Image_1678903962043155.jpg,-0.03
/home/m5cs/Desktop/CNN-Autonomous-RPi-Car/Step1-Data-Collection/DataCollected/IMG9/Image_1678903962096793.jpg,-0.03
/home/m5cs/Desktop/CNN-Autonomous-RPi-Car/Step1-Data-Collection/DataCollected/IMG9/Image_1678903962150679.jpg,-0.03
/home/m5cs/Desktop/CNN-Autonomous-RPi-Car/Step1-Data-Collection/DataCollected/IMG9/Image_1678903962200742.jpg,-0.03
/home/m5cs/Desktop/CNN-Autonomous-RPi-Car/Step1-Data-Collection/DataCollected/IMG9/Image_1678903962256045.jpg,-0.03
/home/m5cs/Desktop/CNN-Autonomous-RPi-Car/Step1-Data-Collection/DataCollected/IMG9/Image_1678903962309144.jpg,-0.03
/home/m5cs/Desktop/CNN-Autonomous-RPi-Car/Step1-Data-Collection/DataCollected/IMG9/Image_1678903962365373.jpg,-0.03
/home/m5cs/Desktop/CNN-Autonomous-RPi-Car/Step1-Data-Collection/DataCollected/IMG9/Image_1678903962420893.jpg,-0.03
/home/m5cs/Desktop/CNN-Autonomous-RPi-Car/Step1-Data-Collection/DataCollected/IMG9/Image_1678903962471176.jpg,-0.03
/home/m5cs/Desktop/CNN-Autonomous-RPi-Car/Step1-Data-Collection/DataCollected/IMG9/Image_1678903962522693.jpg,-0.03
/home/m5cs/Desktop/CNN-Autonomous-RPi-Car/Step1-Data-Collection/DataCollected/IMG9/Image_1678903962573617.jpg,-0.03
/home/m5cs/Desktop/CNN-Autonomous-RPi-Car/Step1-Data-Collection/DataCollected/IMG9/Image_1678903962622768.jpg,-0.03
/home/m5cs/Desktop/CNN-Autonomous-RPi-Car/Step1-Data-Collection/DataCollected/IMG9/Image_1678903962671241.jpg,-0.03
/home/m5cs/Desktop/CNN-Autonomous-RPi-Car/Step1-Data-Collection/DataCollected/IMG9/Image_1678903962728239.jpg,-0.03
/home/m5cs/Desktop/CNN-Autonomous-RPi-Car/Step1-Data-Collection/DataCollected/IMG9/Image_1678903962777307.jpg,-0.03
/home/m5cs/Desktop/CNN-Autonomous-RPi-Car/Step1-Data-Collection/DataCollected/IMG9/Image_1678903962826063.jpg,-0.03
/home/m5cs/Desktop/CNN-Autonomous-RPi-Car/Step1-Data-Collection/DataCollected/IMG9/Image_1678903962871922.jpg,-0.028
/home/m5cs/Desktop/CNN-Autonomous-RPi-Car/Step1-Data-Collection/DataCollected/IMG9/Image_1678903962923792.jpg,-0.028
/home/m5cs/Desktop/CNN-Autonomous-RPi-Car/Step1-Data-Collection/DataCollected/IMG9/Image_1678903962971179.jpg,-0.028
/home/m5cs/Desktop/CNN-Autonomous-RPi-Car/Step1-Data-Collection/DataCollected/IMG9/Image_1678903963020573.jpg,-0.028
/home/m5cs/Desktop/CNN-Autonomous-RPi-Car/Step1-Data-Collection/DataCollected/IMG9/Image_1678903963073338.jpg,-0.028
/home/m5cs/Desktop/CNN-Autonomous-RPi-Car/Step1-Data-Collection/DataCollected/IMG9/Image_1678903963125718.jpg,-0.028
/home/m5cs/Desktop/CNN-Autonomous-RPi-Car/Step1-Data-Collection/DataCollected/IMG9/Image_1678903963177321.jpg,-0.028
/home/m5cs/Desktop/CNN-Autonomous-RPi-Car/Step1-Data-Collection/DataCollected/IMG9/Image_1678903963227271.jpg,-0.028
/home/m5cs/Desktop/CNN-Autonomous-RPi-Car/Step1-Data-Collection/DataCollected/IMG9/Image_1678903963278302.jpg,-0.028
/home/m5cs/Desktop/CNN-Autonomous-RPi-Car/Step1-Data-Collection/DataCollected/IMG9/Image_1678903963327691.jpg,-0.028
/home/m5cs/Desktop/CNN-Autonomous-RPi-Car/Step1-Data-Collection/DataCollected/IMG9/Image_1678903963376862.jpg,-0.028
/home/m5cs/Desktop/CNN-Autonomous-RPi-Car/Step1-Data-Collection/DataCollected/IMG9/Image_1678903963431024.jpg,-0.028
/home/m5cs/Desktop/CNN-Autonomous-RPi-Car/Step1-Data-Collection/DataCollected/IMG9/Image_167890396348129.jpg,-0.028
/home/m5cs/Desktop/CNN-Autonomous-RPi-Car/Step1-Data-Collection/DataCollected/IMG9/Image_1678903963531599.jpg,-0.028
/home/m5cs/Desktop/CNN-Autonomous-RPi-Car/Step1-Data-Collection/DataCollected/IMG9/Image_1678903963583923.jpg,-0.028
/home/m5cs/Desktop/CNN-Autonomous-RPi-Car/Step1-Data-Collection/DataCollected/IMG9/Image_1678903963640976.jpg,-0.028
/home/m5cs/Desktop/CNN-Autonomous-RPi-Car/Step1-Data-Collection/DataCollected/IMG9/Image_1678903963691741.jpg,-0.028
/home/m5cs/Desktop/CNN-Autonomous-RPi-Car/Step1-Data-Collection/DataCollected/IMG9/Image_1678903963744628.jpg,-0.028
/home/m5cs/Desktop/CNN-Autonomous-RPi-Car/Step1-Data-Collection/DataCollected/IMG9/Image_1678903963793205.jpg,-0.028
/home/m5cs/Desktop/CNN-Autonomous-RPi-Car/Step1-Data-Collection/DataCollected/IMG9/Image_1678903963846005.jpg,-0.028
/home/m5cs/Desktop/CNN-Autonomous-RPi-Car/Step1-Data-Collection/DataCollected/IMG9/Image_1678903963892956.jpg,-0.028
/home/m5cs/Desktop/CNN-Autonomous-RPi-Car/Step1-Data-Collection/DataCollected/IMG9/Image_1678903963942079.jpg,-0.028
/home/m5cs/Desktop/CNN-Autonomous-RPi-Car/Step1-Data-Collection/DataCollected/IMG9/Image_1678903963991384.jpg,-0.028
/home/m5cs/Desktop/CNN-Autonomous-RPi-Car/Step1-Data-Collection/DataCollected/IMG9/Image_1678903964047198.jpg,-0.028
/home/m5cs/Desktop/CNN-Autonomous-RPi-Car/Step1-Data-Collection/DataCollected/IMG9/Image_1678903964097181.jpg,-0.028
/home/m5cs/Desktop/CNN-Autonomous-RPi-Car/Step1-Data-Collection/DataCollected/IMG9/Image_1678903964152412.jpg,-0.028
/home/m5cs/Desktop/CNN-Autonomous-RPi-Car/Step1-Data-Collection/DataCollected/IMG9/Image_1678903964207096.jpg,-0.028
/home/m5cs/Desktop/CNN-Autonomous-RPi-Car/Step1-Data-Collection/DataCollected/IMG9/Image_167890396425752.jpg,-0.028
/home/m5cs/Desktop/CNN-Autonomous-RPi-Car/Step1-Data-Collection/DataCollected/IMG9/Image_1678903964309844.jpg,-0.028
/home/m5cs/Desktop/CNN-Autonomous-RPi-Car/Step1-Data-Collection/DataCollected/IMG9/Image_1678903964358563.jpg,-0.028
/home/m5cs/Desktop/CNN-Autonomous-RPi-Car/Step1-Data-Collection/DataCollected/IMG9/Image_1678903964406922.jpg,-0.028
/home/m5cs/Desktop/CNN-Autonomous-RPi-Car/Step1-Data-Collection/DataCollected/IMG9/Image_1678903964453926.jpg,-0.028
/home/m5cs/Desktop/CNN-Autonomous-RPi-Car/Step1-Data-Collection/DataCollected/IMG9/Image_1678903964509183.jpg,-0.028
/home/m5cs/Desktop/CNN-Autonomous-RPi-Car/Step1-Data-Collection/DataCollected/IMG9/Image_1678903964561525.jpg,-0.028
/home/m5cs/Desktop/CNN-Autonomous-RPi-Car/Step1-Data-Collection/DataCollected/IMG9/Image_1678903964613366.jpg,-0.028
/home/m5cs/Desktop/CNN-Autonomous-RPi-Car/Step1-Data-Collection/DataCollected/IMG9/Image_1678903964665414.jpg,-0.028
/home/m5cs/Desktop/CNN-Autonomous-RPi-Car/Step1-Data-Collection/DataCollected/IMG9/Image_1678903964713093.jpg,-0.028
/home/m5cs/Desktop/CNN-Autonomous-RPi-Car/Step1-Data-Collection/DataCollected/IMG9/Image_1678903964766034.jpg,-0.028
/home/m5cs/Desktop/CNN-Autonomous-RPi-Car/Step1-Data-Collection/DataCollected/IMG9/Image_1678903964817748.jpg,-0.028
/home/m5cs/Desktop/CNN-Autonomous-RPi-Car/Step1-Data-Collection/DataCollected/IMG9/Image_1678903964870464.jpg,-0.028
/home/m5cs/Desktop/CNN-Autonomous-RPi-Car/Step1-Data-Collection/DataCollected/IMG9/Image_1678903964918851.jpg,-0.028
/home/m5cs/Desktop/CNN-Autonomous-RPi-Car/Step1-Data-Collection/DataCollected/IMG9/Image_1678903964966334.jpg,-0.028
/home/m5cs/Desktop/CNN-Autonomous-RPi-Car/Step1-Data-Collection/DataCollected/IMG9/Image_1678903965016358.jpg,-0.028
/home/m5cs/Desktop/CNN-Autonomous-RPi-Car/Step1-Data-Collection/DataCollected/IMG9/Image_1678903965065016.jpg,-0.028
/home/m5cs/Desktop/CNN-Autonomous-RPi-Car/Step1-Data-Collection/DataCollected/IMG9/Image_1678903965115395.jpg,-0.028
/home/m5cs/Desktop/CNN-Autonomous-RPi-Car/Step1-Data-Collection/DataCollected/IMG9/Image_1678903965163933.jpg,-0.028
/home/m5cs/Desktop/CNN-Autonomous-RPi-Car/Step1-Data-Collection/DataCollected/IMG9/Image_167890396521377.jpg,-0.028
/home/m5cs/Desktop/CNN-Autonomous-RPi-Car/Step1-Data-Collection/DataCollected/IMG9/Image_1678903965263875.jpg,-0.028
/home/m5cs/Desktop/CNN-Autonomous-RPi-Car/Step1-Data-Collection/DataCollected/IMG9/Image_167890396531467.jpg,-0.028
/home/m5cs/Desktop/CNN-Autonomous-RPi-Car/Step1-Data-Collection/DataCollected/IMG9/Image_167890396536634.jpg,-0.028
/home/m5cs/Desktop/CNN-Autonomous-RPi-Car/Step1-Data-Collection/DataCollected/IMG9/Image_1678903965427896.jpg,-0.028
/home/m5cs/Desktop/CNN-Autonomous-RPi-Car/Step1-Data-Collection/DataCollected/IMG9/Image_1678903965484293.jpg,-0.028
/home/m5cs/Desktop/CNN-Autonomous-RPi-Car/Step1-Data-Collection/DataCollected/IMG9/Image_1678903965532182.jpg,-0.028
/home/m5cs/Desktop/CNN-Autonomous-RPi-Car/Step1-Data-Collection/DataCollected/IMG9/Image_1678903965585241.jpg,-0.028
/home/m5cs/Desktop/CNN-Autonomous-RPi-Car/Step1-Data-Collection/DataCollected/IMG9/Image_1678903965638668.jpg,-0.028
/home/m5cs/Desktop/CNN-Autonomous-RPi-Car/Step1-Data-Collection/DataCollected/IMG9/Image_1678903965688109.jpg,-0.028
/home/m5cs/Desktop/CNN-Autonomous-RPi-Car/Step1-Data-Collection/DataCollected/IMG9/Image_167890396573704.jpg,-0.028
/home/m5cs/Desktop/CNN-Autonomous-RPi-Car/Step1-Data-Collection/DataCollected/IMG9/Image_1678903965785452.jpg,-0.028
/home/m5cs/Desktop/CNN-Autonomous-RPi-Car/Step1-Data-Collection/DataCollected/IMG9/Image_1678903965838217.jpg,-0.028
/home/m5cs/Desktop/CNN-Autonomous-RPi-Car/Step1-Data-Collection/DataCollected/IMG9/Image_16789039658937.jpg,-0.028
/home/m5cs/Desktop/CNN-Autonomous-RPi-Car/Step1-Data-Collection/DataCollected/IMG9/Image_1678903965943179.jpg,-0.028
/home/m5cs/Desktop/CNN-Autonomous-RPi-Car/Step1-Data-Collection/DataCollected/IMG9/Image_1678903965991783.jpg,-0.028
/home/m5cs/Desktop/CNN-Autonomous-RPi-Car/Step1-Data-Collection/DataCollected/IMG9/Image_167890396603922.jpg,-0.028
/home/m5cs/Desktop/CNN-Autonomous-RPi-Car/Step1-Data-Collection/DataCollected/IMG9/Image_1678903966096029.jpg,-0.028
/home/m5cs/Desktop/CNN-Autonomous-RPi-Car/Step1-Data-Collection/DataCollected/IMG9/Image_1678903966147116.jpg,-0.028
/home/m5cs/Desktop/CNN-Autonomous-RPi-Car/Step1-Data-Collection/DataCollected/IMG9/Image_1678903966199414.jpg,-0.028
/home/m5cs/Desktop/CNN-Autonomous-RPi-Car/Step1-Data-Collection/DataCollected/IMG9/Image_1678903966248492.jpg,-0.028
/home/m5cs/Desktop/CNN-Autonomous-RPi-Car/Step1-Data-Collection/DataCollected/IMG9/Image_167890396630343.jpg,-0.028
/home/m5cs/Desktop/CNN-Autonomous-RPi-Car/Step1-Data-Collection/DataCollected/IMG9/Image_1678903966357285.jpg,-0.028
/home/m5cs/Desktop/CNN-Autonomous-RPi-Car/Step1-Data-Collection/DataCollected/IMG9/Image_1678903966406283.jpg,-0.028
/home/m5cs/Desktop/CNN-Autonomous-RPi-Car/Step1-Data-Collection/DataCollected/IMG9/Image_1678903966459973.jpg,-0.028
/home/m5cs/Desktop/CNN-Autonomous-RPi-Car/Step1-Data-Collection/DataCollected/IMG9/Image_1678903966510253.jpg,-0.028
/home/m5cs/Desktop/CNN-Autonomous-RPi-Car/Step1-Data-Collection/DataCollected/IMG9/Image_1678903966558925.jpg,-0.028
/home/m5cs/Desktop/CNN-Autonomous-RPi-Car/Step1-Data-Collection/DataCollected/IMG9/Image_1678903966613407.jpg,-0.028
/home/m5cs/Desktop/CNN-Autonomous-RPi-Car/Step1-Data-Collection/DataCollected/IMG9/Image_1678903966665865.jpg,-0.028
/home/m5cs/Desktop/CNN-Autonomous-RPi-Car/Step1-Data-Collection/DataCollected/IMG9/Image_1678903966716156.jpg,-0.028
/home/m5cs/Desktop/CNN-Autonomous-RPi-Car/Step1-Data-Collection/DataCollected/IMG9/Image_1678903966764241.jpg,-0.028
/home/m5cs/Desktop/CNN-Autonomous-RPi-Car/Step1-Data-Collection/DataCollected/IMG9/Image_1678903966812287.jpg,-0.028
/home/m5cs/Desktop/CNN-Autonomous-RPi-Car/Step1-Data-Collection/DataCollected/IMG9/Image_1678903966872038.jpg,-0.028
/home/m5cs/Desktop/CNN-Autonomous-RPi-Car/Step1-Data-Collection/DataCollected/IMG9/Image_1678903966925637.jpg,-0.028
/home/m5cs/Desktop/CNN-Autonomous-RPi-Car/Step1-Data-Collection/DataCollected/IMG9/Image_1678903966974875.jpg,-0.028
/home/m5cs/Desktop/CNN-Autonomous-RPi-Car/Step1-Data-Collection/DataCollected/IMG9/Image_1678903967022242.jpg,-0.028
/home/m5cs/Desktop/CNN-Autonomous-RPi-Car/Step1-Data-Collection/DataCollected/IMG9/Image_1678903967069394.jpg,-0.028
/home/m5cs/Desktop/CNN-Autonomous-RPi-Car/Step1-Data-Collection/DataCollected/IMG9/Image_1678903967130677.jpg,-0.028
/home/m5cs/Desktop/CNN-Autonomous-RPi-Car/Step1-Data-Collection/DataCollected/IMG9/Image_1678903967192898.jpg,-0.028
/home/m5cs/Desktop/CNN-Autonomous-RPi-Car/Step1-Data-Collection/DataCollected/IMG9/Image_1678903967247185.jpg,-0.028
/home/m5cs/Desktop/CNN-Autonomous-RPi-Car/Step1-Data-Collection/DataCollected/IMG9/Image_167890396730544.jpg,-0.028
/home/m5cs/Desktop/CNN-Autonomous-RPi-Car/Step1-Data-Collection/DataCollected/IMG9/Image_1678903967360866.jpg,-0.028
/home/m5cs/Desktop/CNN-Autonomous-RPi-Car/Step1-Data-Collection/DataCollected/IMG9/Image_1678903967411553.jpg,-0.028
/home/m5cs/Desktop/CNN-Autonomous-RPi-Car/Step1-Data-Collection/DataCollected/IMG9/Image_16789039674639.jpg,-0.028
/home/m5cs/Desktop/CNN-Autonomous-RPi-Car/Step1-Data-Collection/DataCollected/IMG9/Image_167890396751613.jpg,-0.028
/home/m5cs/Desktop/CNN-Autonomous-RPi-Car/Step1-Data-Collection/DataCollected/IMG9/Image_1678903967570824.jpg,-0.028
/home/m5cs/Desktop/CNN-Autonomous-RPi-Car/Step1-Data-Collection/DataCollected/IMG9/Image_1678903967620282.jpg,-0.028
/home/m5cs/Desktop/CNN-Autonomous-RPi-Car/Step1-Data-Collection/DataCollected/IMG9/Image_1678903967674842.jpg,-0.028
/home/m5cs/Desktop/CNN-Autonomous-RPi-Car/Step1-Data-Collection/DataCollected/IMG9/Image_1678903967726998.jpg,-0.028
/home/m5cs/Desktop/CNN-Autonomous-RPi-Car/Step1-Data-Collection/DataCollected/IMG9/Image_1678903967779245.jpg,-0.028
/home/m5cs/Desktop/CNN-Autonomous-RPi-Car/Step1-Data-Collection/DataCollected/IMG9/Image_1678903967828126.jpg,-0.028
/home/m5cs/Desktop/CNN-Autonomous-RPi-Car/Step1-Data-Collection/DataCollected/IMG9/Image_167890396787788.jpg,-0.028
/home/m5cs/Desktop/CNN-Autonomous-RPi-Car/Step1-Data-Collection/DataCollected/IMG9/Image_1678903967926983.jpg,-0.028
/home/m5cs/Desktop/CNN-Autonomous-RPi-Car/Step1-Data-Collection/DataCollected/IMG9/Image_1678903967976564.jpg,-0.028
/home/m5cs/Desktop/CNN-Autonomous-RPi-Car/Step1-Data-Collection/DataCollected/IMG9/Image_1678903968026254.jpg,-0.028
/home/m5cs/Desktop/CNN-Autonomous-RPi-Car/Step1-Data-Collection/DataCollected/IMG9/Image_1678903968074209.jpg,-0.028
/home/m5cs/Desktop/CNN-Autonomous-RPi-Car/Step1-Data-Collection/DataCollected/IMG9/Image_1678903968120391.jpg,-0.028
/home/m5cs/Desktop/CNN-Autonomous-RPi-Car/Step1-Data-Collection/DataCollected/IMG9/Image_1678903968169765.jpg,-0.028
/home/m5cs/Desktop/CNN-Autonomous-RPi-Car/Step1-Data-Collection/DataCollected/IMG9/Image_1678903968224851.jpg,-0.028
/home/m5cs/Desktop/CNN-Autonomous-RPi-Car/Step1-Data-Collection/DataCollected/IMG9/Image_1678903968281846.jpg,-0.028
/home/m5cs/Desktop/CNN-Autonomous-RPi-Car/Step1-Data-Collection/DataCollected/IMG9/Image_1678903968338313.jpg,-0.028
/home/m5cs/Desktop/CNN-Autonomous-RPi-Car/Step1-Data-Collection/DataCollected/IMG9/Image_1678903968394809.jpg,-0.028
/home/m5cs/Desktop/CNN-Autonomous-RPi-Car/Step1-Data-Collection/DataCollected/IMG9/Image_1678903968450451.jpg,-0.598
/home/m5cs/Desktop/CNN-Autonomous-RPi-Car/Step1-Data-Collection/DataCollected/IMG9/Image_1678903968502449.jpg,-1.028
/home/m5cs/Desktop/CNN-Autonomous-RPi-Car/Step1-Data-Collection/DataCollected/IMG9/Image_1678903968554651.jpg,-1.028
/home/m5cs/Desktop/CNN-Autonomous-RPi-Car/Step1-Data-Collection/DataCollected/IMG9/Image_1678903968606917.jpg,-1.028
/home/m5cs/Desktop/CNN-Autonomous-RPi-Car/Step1-Data-Collection/DataCollected/IMG9/Image_1678903968656968.jpg,-1.028
/home/m5cs/Desktop/CNN-Autonomous-RPi-Car/Step1-Data-Collection/DataCollected/IMG9/Image_1678903968706222.jpg,-1.028
/home/m5cs/Desktop/CNN-Autonomous-RPi-Car/Step1-Data-Collection/DataCollected/IMG9/Image_1678903968752901.jpg,-1.028
/home/m5cs/Desktop/CNN-Autonomous-RPi-Car/Step1-Data-Collection/DataCollected/IMG9/Image_167890396880319.jpg,-1.028
/home/m5cs/Desktop/CNN-Autonomous-RPi-Car/Step1-Data-Collection/DataCollected/IMG9/Image_1678903968856966.jpg,-1.028
/home/m5cs/Desktop/CNN-Autonomous-RPi-Car/Step1-Data-Collection/DataCollected/IMG9/Image_167890396890564.jpg,-1.028
/home/m5cs/Desktop/CNN-Autonomous-RPi-Car/Step1-Data-Collection/DataCollected/IMG9/Image_1678903968959148.jpg,-1.028
/home/m5cs/Desktop/CNN-Autonomous-RPi-Car/Step1-Data-Collection/DataCollected/IMG9/Image_1678903969010671.jpg,-1.028
/home/m5cs/Desktop/CNN-Autonomous-RPi-Car/Step1-Data-Collection/DataCollected/IMG9/Image_1678903969062016.jpg,-1.028
/home/m5cs/Desktop/CNN-Autonomous-RPi-Car/Step1-Data-Collection/DataCollected/IMG9/Image_1678903969109337.jpg,-1.028
/home/m5cs/Desktop/CNN-Autonomous-RPi-Car/Step1-Data-Collection/DataCollected/IMG9/Image_1678903969155987.jpg,-1.028
/home/m5cs/Desktop/CNN-Autonomous-RPi-Car/Step1-Data-Collection/DataCollected/IMG9/Image_1678903969203516.jpg,-1.028
/home/m5cs/Desktop/CNN-Autonomous-RPi-Car/Step1-Data-Collection/DataCollected/IMG9/Image_1678903969254045.jpg,-1.028
/home/m5cs/Desktop/CNN-Autonomous-RPi-Car/Step1-Data-Collection/DataCollected/IMG9/Image_1678903969303299.jpg,-1.028
/home/m5cs/Desktop/CNN-Autonomous-RPi-Car/Step1-Data-Collection/DataCollected/IMG9/Image_1678903969352692.jpg,-1.028
/home/m5cs/Desktop/CNN-Autonomous-RPi-Car/Step1-Data-Collection/DataCollected/IMG9/Image_1678903969402513.jpg,-1.028
/home/m5cs/Desktop/CNN-Autonomous-RPi-Car/Step1-Data-Collection/DataCollected/IMG9/Image_1678903969453469.jpg,-1.028
/home/m5cs/Desktop/CNN-Autonomous-RPi-Car/Step1-Data-Collection/DataCollected/IMG9/Image_1678903969504963.jpg,-1.028
/home/m5cs/Desktop/CNN-Autonomous-RPi-Car/Step1-Data-Collection/DataCollected/IMG9/Image_1678903969553074.jpg,-1.028
/home/m5cs/Desktop/CNN-Autonomous-RPi-Car/Step1-Data-Collection/DataCollected/IMG9/Image_167890396960766.jpg,-1.028
/home/m5cs/Desktop/CNN-Autonomous-RPi-Car/Step1-Data-Collection/DataCollected/IMG9/Image_1678903969657796.jpg,-1.028
/home/m5cs/Desktop/CNN-Autonomous-RPi-Car/Step1-Data-Collection/DataCollected/IMG9/Image_1678903969711205.jpg,-1.028
/home/m5cs/Desktop/CNN-Autonomous-RPi-Car/Step1-Data-Collection/DataCollected/IMG9/Image_1678903969760644.jpg,-1.028
/home/m5cs/Desktop/CNN-Autonomous-RPi-Car/Step1-Data-Collection/DataCollected/IMG9/Image_1678903969811424.jpg,-1.028
/home/m5cs/Desktop/CNN-Autonomous-RPi-Car/Step1-Data-Collection/DataCollected/IMG9/Image_1678903969859123.jpg,-1.028
/home/m5cs/Desktop/CNN-Autonomous-RPi-Car/Step1-Data-Collection/DataCollected/IMG9/Image_1678903969908139.jpg,-1.028
/home/m5cs/Desktop/CNN-Autonomous-RPi-Car/Step1-Data-Collection/DataCollected/IMG9/Image_167890396995654.jpg,-1.028
/home/m5cs/Desktop/CNN-Autonomous-RPi-Car/Step1-Data-Collection/DataCollected/IMG9/Image_1678903970004023.jpg,-1.028
/home/m5cs/Desktop/CNN-Autonomous-RPi-Car/Step1-Data-Collection/DataCollected/IMG9/Image_1678903970052686.jpg,-1.028
/home/m5cs/Desktop/CNN-Autonomous-RPi-Car/Step1-Data-Collection/DataCollected/IMG9/Image_1678903970101239.jpg,-1.028
/home/m5cs/Desktop/CNN-Autonomous-RPi-Car/Step1-Data-Collection/DataCollected/IMG9/Image_1678903970151.jpg,-1.028
/home/m5cs/Desktop/CNN-Autonomous-RPi-Car/Step1-Data-Collection/DataCollected/IMG9/Image_1678903970198385.jpg,-1.028
/home/m5cs/Desktop/CNN-Autonomous-RPi-Car/Step1-Data-Collection/DataCollected/IMG9/Image_167890397024486.jpg,-1.028
/home/m5cs/Desktop/CNN-Autonomous-RPi-Car/Step1-Data-Collection/DataCollected/IMG9/Image_1678903970291309.jpg,-1.028
/home/m5cs/Desktop/CNN-Autonomous-RPi-Car/Step1-Data-Collection/DataCollected/IMG9/Image_1678903970339915.jpg,-1.028
/home/m5cs/Desktop/CNN-Autonomous-RPi-Car/Step1-Data-Collection/DataCollected/IMG9/Image_1678903970387538.jpg,-1.028
/home/m5cs/Desktop/CNN-Autonomous-RPi-Car/Step1-Data-Collection/DataCollected/IMG9/Image_1678903970439186.jpg,-1.028
/home/m5cs/Desktop/CNN-Autonomous-RPi-Car/Step1-Data-Collection/DataCollected/IMG9/Image_1678903970487048.jpg,-1.028
/home/m5cs/Desktop/CNN-Autonomous-RPi-Car/Step1-Data-Collection/DataCollected/IMG9/Image_1678903970535527.jpg,-1.028
/home/m5cs/Desktop/CNN-Autonomous-RPi-Car/Step1-Data-Collection/DataCollected/IMG9/Image_167890397058343.jpg,-1.028
/home/m5cs/Desktop/CNN-Autonomous-RPi-Car/Step1-Data-Collection/DataCollected/IMG9/Image_1678903970630425.jpg,-1.028
/home/m5cs/Desktop/CNN-Autonomous-RPi-Car/Step1-Data-Collection/DataCollected/IMG9/Image_1678903970679579.jpg,-1.028
/home/m5cs/Desktop/CNN-Autonomous-RPi-Car/Step1-Data-Collection/DataCollected/IMG9/Image_1678903970727014.jpg,-1.028
/home/m5cs/Desktop/CNN-Autonomous-RPi-Car/Step1-Data-Collection/DataCollected/IMG9/Image_1678903970774051.jpg,-1.028
/home/m5cs/Desktop/CNN-Autonomous-RPi-Car/Step1-Data-Collection/DataCollected/IMG9/Image_1678903970820518.jpg,-1.028
/home/m5cs/Desktop/CNN-Autonomous-RPi-Car/Step1-Data-Collection/DataCollected/IMG9/Image_1678903970870018.jpg,-1.028
/home/m5cs/Desktop/CNN-Autonomous-RPi-Car/Step1-Data-Collection/DataCollected/IMG9/Image_167890397091746.jpg,-1.028
/home/m5cs/Desktop/CNN-Autonomous-RPi-Car/Step1-Data-Collection/DataCollected/IMG9/Image_167890397096453.jpg,-0.028
/home/m5cs/Desktop/CNN-Autonomous-RPi-Car/Step1-Data-Collection/DataCollected/IMG9/Image_1678903971021031.jpg,-0.028
/home/m5cs/Desktop/CNN-Autonomous-RPi-Car/Step1-Data-Collection/DataCollected/IMG9/Image_1678903971070059.jpg,-0.028
/home/m5cs/Desktop/CNN-Autonomous-RPi-Car/Step1-Data-Collection/DataCollected/IMG9/Image_1678903971118069.jpg,-0.028
/home/m5cs/Desktop/CNN-Autonomous-RPi-Car/Step1-Data-Collection/DataCollected/IMG9/Image_167890397116539.jpg,-0.028
/home/m5cs/Desktop/CNN-Autonomous-RPi-Car/Step1-Data-Collection/DataCollected/IMG9/Image_1678903971215693.jpg,-0.028
/home/m5cs/Desktop/CNN-Autonomous-RPi-Car/Step1-Data-Collection/DataCollected/IMG9/Image_1678903971261565.jpg,-0.028
/home/m5cs/Desktop/CNN-Autonomous-RPi-Car/Step1-Data-Collection/DataCollected/IMG9/Image_1678903971308843.jpg,-0.028
/home/m5cs/Desktop/CNN-Autonomous-RPi-Car/Step1-Data-Collection/DataCollected/IMG9/Image_1678903971357679.jpg,-0.028
/home/m5cs/Desktop/CNN-Autonomous-RPi-Car/Step1-Data-Collection/DataCollected/IMG9/Image_1678903971405143.jpg,-0.028
/home/m5cs/Desktop/CNN-Autonomous-RPi-Car/Step1-Data-Collection/DataCollected/IMG9/Image_1678903971456102.jpg,-0.028
/home/m5cs/Desktop/CNN-Autonomous-RPi-Car/Step1-Data-Collection/DataCollected/IMG9/Image_1678903971503891.jpg,-0.028
/home/m5cs/Desktop/CNN-Autonomous-RPi-Car/Step1-Data-Collection/DataCollected/IMG9/Image_1678903971557722.jpg,-0.028
/home/m5cs/Desktop/CNN-Autonomous-RPi-Car/Step1-Data-Collection/DataCollected/IMG9/Image_1678903971607428.jpg,-0.028
/home/m5cs/Desktop/CNN-Autonomous-RPi-Car/Step1-Data-Collection/DataCollected/IMG9/Image_1678903971665534.jpg,-0.028
/home/m5cs/Desktop/CNN-Autonomous-RPi-Car/Step1-Data-Collection/DataCollected/IMG9/Image_1678903971715008.jpg,-0.028
/home/m5cs/Desktop/CNN-Autonomous-RPi-Car/Step1-Data-Collection/DataCollected/IMG9/Image_1678903971763649.jpg,-0.028
/home/m5cs/Desktop/CNN-Autonomous-RPi-Car/Step1-Data-Collection/DataCollected/IMG9/Image_167890397181438.jpg,-0.028
/home/m5cs/Desktop/CNN-Autonomous-RPi-Car/Step1-Data-Collection/DataCollected/IMG9/Image_1678903971863683.jpg,-0.028
/home/m5cs/Desktop/CNN-Autonomous-RPi-Car/Step1-Data-Collection/DataCollected/IMG9/Image_1678903971918064.jpg,-0.028
/home/m5cs/Desktop/CNN-Autonomous-RPi-Car/Step1-Data-Collection/DataCollected/IMG9/Image_1678903971968893.jpg,-0.028
/home/m5cs/Desktop/CNN-Autonomous-RPi-Car/Step1-Data-Collection/DataCollected/IMG9/Image_1678903972015867.jpg,-0.028
/home/m5cs/Desktop/CNN-Autonomous-RPi-Car/Step1-Data-Collection/DataCollected/IMG9/Image_1678903972066129.jpg,-0.178
/home/m5cs/Desktop/CNN-Autonomous-RPi-Car/Step1-Data-Collection/DataCollected/IMG9/Image_167890397211411.jpg,-1.028
/home/m5cs/Desktop/CNN-Autonomous-RPi-Car/Step1-Data-Collection/DataCollected/IMG9/Image_1678903972163297.jpg,-1.028
/home/m5cs/Desktop/CNN-Autonomous-RPi-Car/Step1-Data-Collection/DataCollected/IMG9/Image_167890397221713.jpg,-1.028
/home/m5cs/Desktop/CNN-Autonomous-RPi-Car/Step1-Data-Collection/DataCollected/IMG9/Image_1678903972269006.jpg,-1.028
/home/m5cs/Desktop/CNN-Autonomous-RPi-Car/Step1-Data-Collection/DataCollected/IMG9/Image_1678903972316099.jpg,-1.028
/home/m5cs/Desktop/CNN-Autonomous-RPi-Car/Step1-Data-Collection/DataCollected/IMG9/Image_1678903972362298.jpg,-1.028
/home/m5cs/Desktop/CNN-Autonomous-RPi-Car/Step1-Data-Collection/DataCollected/IMG9/Image_167890397240905.jpg,-1.028
/home/m5cs/Desktop/CNN-Autonomous-RPi-Car/Step1-Data-Collection/DataCollected/IMG9/Image_1678903972460011.jpg,-1.028
/home/m5cs/Desktop/CNN-Autonomous-RPi-Car/Step1-Data-Collection/DataCollected/IMG9/Image_1678903972510207.jpg,-1.028
/home/m5cs/Desktop/CNN-Autonomous-RPi-Car/Step1-Data-Collection/DataCollected/IMG9/Image_1678903972558277.jpg,-1.028
/home/m5cs/Desktop/CNN-Autonomous-RPi-Car/Step1-Data-Collection/DataCollected/IMG9/Image_167890397261067.jpg,-1.028
/home/m5cs/Desktop/CNN-Autonomous-RPi-Car/Step1-Data-Collection/DataCollected/IMG9/Image_1678903972656792.jpg,-1.028
/home/m5cs/Desktop/CNN-Autonomous-RPi-Car/Step1-Data-Collection/DataCollected/IMG9/Image_167890397270249.jpg,-1.028
/home/m5cs/Desktop/CNN-Autonomous-RPi-Car/Step1-Data-Collection/DataCollected/IMG9/Image_1678903972748292.jpg,-1.028
/home/m5cs/Desktop/CNN-Autonomous-RPi-Car/Step1-Data-Collection/DataCollected/IMG9/Image_1678903972793604.jpg,-1.028
/home/m5cs/Desktop/CNN-Autonomous-RPi-Car/Step1-Data-Collection/DataCollected/IMG9/Image_167890397284217.jpg,-1.028
/home/m5cs/Desktop/CNN-Autonomous-RPi-Car/Step1-Data-Collection/DataCollected/IMG9/Image_1678903972889822.jpg,-1.028
/home/m5cs/Desktop/CNN-Autonomous-RPi-Car/Step1-Data-Collection/DataCollected/IMG9/Image_1678903972935878.jpg,-1.028
/home/m5cs/Desktop/CNN-Autonomous-RPi-Car/Step1-Data-Collection/DataCollected/IMG9/Image_1678903972982378.jpg,-1.028
/home/m5cs/Desktop/CNN-Autonomous-RPi-Car/Step1-Data-Collection/DataCollected/IMG9/Image_1678903973030663.jpg,-1.028
/home/m5cs/Desktop/CNN-Autonomous-RPi-Car/Step1-Data-Collection/DataCollected/IMG9/Image_167890397308003.jpg,-1.028
/home/m5cs/Desktop/CNN-Autonomous-RPi-Car/Step1-Data-Collection/DataCollected/IMG9/Image_1678903973126839.jpg,-1.028
/home/m5cs/Desktop/CNN-Autonomous-RPi-Car/Step1-Data-Collection/DataCollected/IMG9/Image_1678903973172478.jpg,-1.028
/home/m5cs/Desktop/CNN-Autonomous-RPi-Car/Step1-Data-Collection/DataCollected/IMG9/Image_1678903973219656.jpg,-1.028
/home/m5cs/Desktop/CNN-Autonomous-RPi-Car/Step1-Data-Collection/DataCollected/IMG9/Image_1678903973272082.jpg,-1.028
/home/m5cs/Desktop/CNN-Autonomous-RPi-Car/Step1-Data-Collection/DataCollected/IMG9/Image_1678903973321033.jpg,-1.028
/home/m5cs/Desktop/CNN-Autonomous-RPi-Car/Step1-Data-Collection/DataCollected/IMG9/Image_167890397336706.jpg,-1.028
/home/m5cs/Desktop/CNN-Autonomous-RPi-Car/Step1-Data-Collection/DataCollected/IMG9/Image_1678903973413471.jpg,-1.028
/home/m5cs/Desktop/CNN-Autonomous-RPi-Car/Step1-Data-Collection/DataCollected/IMG9/Image_1678903973458651.jpg,-1.028
/home/m5cs/Desktop/CNN-Autonomous-RPi-Car/Step1-Data-Collection/DataCollected/IMG9/Image_1678903973504273.jpg,-1.028
/home/m5cs/Desktop/CNN-Autonomous-RPi-Car/Step1-Data-Collection/DataCollected/IMG9/Image_1678903973550108.jpg,-1.028
/home/m5cs/Desktop/CNN-Autonomous-RPi-Car/Step1-Data-Collection/DataCollected/IMG9/Image_1678903973599003.jpg,-1.028
/home/m5cs/Desktop/CNN-Autonomous-RPi-Car/Step1-Data-Collection/DataCollected/IMG9/Image_1678903973644955.jpg,-1.028
/home/m5cs/Desktop/CNN-Autonomous-RPi-Car/Step1-Data-Collection/DataCollected/IMG9/Image_1678903973691449.jpg,-1.028
/home/m5cs/Desktop/CNN-Autonomous-RPi-Car/Step1-Data-Collection/DataCollected/IMG9/Image_167890397374127.jpg,-1.028
/home/m5cs/Desktop/CNN-Autonomous-RPi-Car/Step1-Data-Collection/DataCollected/IMG9/Image_1678903973788102.jpg,-1.028
/home/m5cs/Desktop/CNN-Autonomous-RPi-Car/Step1-Data-Collection/DataCollected/IMG9/Image_1678903973835416.jpg,-0.878
/home/m5cs/Desktop/CNN-Autonomous-RPi-Car/Step1-Data-Collection/DataCollected/IMG9/Image_1678903973881881.jpg,-0.028
/home/m5cs/Desktop/CNN-Autonomous-RPi-Car/Step1-Data-Collection/DataCollected/IMG9/Image_1678903973930009.jpg,-0.028
/home/m5cs/Desktop/CNN-Autonomous-RPi-Car/Step1-Data-Collection/DataCollected/IMG9/Image_1678903973976879.jpg,-0.028
/home/m5cs/Desktop/CNN-Autonomous-RPi-Car/Step1-Data-Collection/DataCollected/IMG9/Image_1678903974022744.jpg,-0.028
/home/m5cs/Desktop/CNN-Autonomous-RPi-Car/Step1-Data-Collection/DataCollected/IMG9/Image_1678903974075703.jpg,-0.028
/home/m5cs/Desktop/CNN-Autonomous-RPi-Car/Step1-Data-Collection/DataCollected/IMG9/Image_1678903974123355.jpg,-0.028
/home/m5cs/Desktop/CNN-Autonomous-RPi-Car/Step1-Data-Collection/DataCollected/IMG9/Image_1678903974169788.jpg,-0.028
/home/m5cs/Desktop/CNN-Autonomous-RPi-Car/Step1-Data-Collection/DataCollected/IMG9/Image_1678903974215476.jpg,-0.028
/home/m5cs/Desktop/CNN-Autonomous-RPi-Car/Step1-Data-Collection/DataCollected/IMG9/Image_1678903974260889.jpg,-0.028
/home/m5cs/Desktop/CNN-Autonomous-RPi-Car/Step1-Data-Collection/DataCollected/IMG9/Image_1678903974309865.jpg,-0.028
/home/m5cs/Desktop/CNN-Autonomous-RPi-Car/Step1-Data-Collection/DataCollected/IMG9/Image_1678903974361879.jpg,-0.028
/home/m5cs/Desktop/CNN-Autonomous-RPi-Car/Step1-Data-Collection/DataCollected/IMG9/Image_1678903974407649.jpg,-0.028
/home/m5cs/Desktop/CNN-Autonomous-RPi-Car/Step1-Data-Collection/DataCollected/IMG9/Image_1678903974455055.jpg,-0.028
/home/m5cs/Desktop/CNN-Autonomous-RPi-Car/Step1-Data-Collection/DataCollected/IMG9/Image_1678903974503337.jpg,-0.028
/home/m5cs/Desktop/CNN-Autonomous-RPi-Car/Step1-Data-Collection/DataCollected/IMG9/Image_1678903974550937.jpg,-0.028
/home/m5cs/Desktop/CNN-Autonomous-RPi-Car/Step1-Data-Collection/DataCollected/IMG9/Image_1678903974597661.jpg,-0.118
/home/m5cs/Desktop/CNN-Autonomous-RPi-Car/Step1-Data-Collection/DataCollected/IMG9/Image_1678903974648091.jpg,-0.8180000000000001
/home/m5cs/Desktop/CNN-Autonomous-RPi-Car/Step1-Data-Collection/DataCollected/IMG9/Image_167890397469481.jpg,-1.028
/home/m5cs/Desktop/CNN-Autonomous-RPi-Car/Step1-Data-Collection/DataCollected/IMG9/Image_167890397474058.jpg,-1.028
/home/m5cs/Desktop/CNN-Autonomous-RPi-Car/Step1-Data-Collection/DataCollected/IMG9/Image_1678903974792624.jpg,-1.028
/home/m5cs/Desktop/CNN-Autonomous-RPi-Car/Step1-Data-Collection/DataCollected/IMG9/Image_1678903974838952.jpg,-1.028
/home/m5cs/Desktop/CNN-Autonomous-RPi-Car/Step1-Data-Collection/DataCollected/IMG9/Image_1678903974888157.jpg,-1.028
/home/m5cs/Desktop/CNN-Autonomous-RPi-Car/Step1-Data-Collection/DataCollected/IMG9/Image_1678903974934801.jpg,-1.028
/home/m5cs/Desktop/CNN-Autonomous-RPi-Car/Step1-Data-Collection/DataCollected/IMG9/Image_1678903974980586.jpg,-1.028
/home/m5cs/Desktop/CNN-Autonomous-RPi-Car/Step1-Data-Collection/DataCollected/IMG9/Image_1678903975033133.jpg,-1.028
/home/m5cs/Desktop/CNN-Autonomous-RPi-Car/Step1-Data-Collection/DataCollected/IMG9/Image_1678903975084751.jpg,-1.028
/home/m5cs/Desktop/CNN-Autonomous-RPi-Car/Step1-Data-Collection/DataCollected/IMG9/Image_1678903975132359.jpg,-1.028
/home/m5cs/Desktop/CNN-Autonomous-RPi-Car/Step1-Data-Collection/DataCollected/IMG9/Image_1678903975182722.jpg,-1.028
/home/m5cs/Desktop/CNN-Autonomous-RPi-Car/Step1-Data-Collection/DataCollected/IMG9/Image_1678903975230432.jpg,-1.028
/home/m5cs/Desktop/CNN-Autonomous-RPi-Car/Step1-Data-Collection/DataCollected/IMG9/Image_1678903975279957.jpg,-1.028
/home/m5cs/Desktop/CNN-Autonomous-RPi-Car/Step1-Data-Collection/DataCollected/IMG9/Image_1678903975332942.jpg,-1.028
/home/m5cs/Desktop/CNN-Autonomous-RPi-Car/Step1-Data-Collection/DataCollected/IMG9/Image_1678903975381202.jpg,-0.028
/home/m5cs/Desktop/CNN-Autonomous-RPi-Car/Step1-Data-Collection/DataCollected/IMG9/Image_1678903975427433.jpg,-0.028
/home/m5cs/Desktop/CNN-Autonomous-RPi-Car/Step1-Data-Collection/DataCollected/IMG9/Image_1678903975476532.jpg,-0.028
/home/m5cs/Desktop/CNN-Autonomous-RPi-Car/Step1-Data-Collection/DataCollected/IMG9/Image_1678903975533029.jpg,-0.028
/home/m5cs/Desktop/CNN-Autonomous-RPi-Car/Step1-Data-Collection/DataCollected/IMG9/Image_1678903975595652.jpg,-0.028
/home/m5cs/Desktop/CNN-Autonomous-RPi-Car/Step1-Data-Collection/DataCollected/IMG9/Image_1678903975652441.jpg,-0.028
/home/m5cs/Desktop/CNN-Autonomous-RPi-Car/Step1-Data-Collection/DataCollected/IMG9/Image_1678903975698067.jpg,-0.028
/home/m5cs/Desktop/CNN-Autonomous-RPi-Car/Step1-Data-Collection/DataCollected/IMG9/Image_1678903975743948.jpg,-0.028
/home/m5cs/Desktop/CNN-Autonomous-RPi-Car/Step1-Data-Collection/DataCollected/IMG9/Image_1678903975792336.jpg,-0.028
/home/m5cs/Desktop/CNN-Autonomous-RPi-Car/Step1-Data-Collection/DataCollected/IMG9/Image_1678903975839313.jpg,-0.028
/home/m5cs/Desktop/CNN-Autonomous-RPi-Car/Step1-Data-Collection/DataCollected/IMG9/Image_1678903975886833.jpg,-0.028
/home/m5cs/Desktop/CNN-Autonomous-RPi-Car/Step1-Data-Collection/DataCollected/IMG9/Image_1678903975933064.jpg,-0.028
/home/m5cs/Desktop/CNN-Autonomous-RPi-Car/Step1-Data-Collection/DataCollected/IMG9/Image_16789039759789.jpg,-0.028
/home/m5cs/Desktop/CNN-Autonomous-RPi-Car/Step1-Data-Collection/DataCollected/IMG9/Image_1678903976039856.jpg,-0.028
/home/m5cs/Desktop/CNN-Autonomous-RPi-Car/Step1-Data-Collection/DataCollected/IMG9/Image_1678903976086205.jpg,-0.028
/home/m5cs/Desktop/CNN-Autonomous-RPi-Car/Step1-Data-Collection/DataCollected/IMG9/Image_1678903976131846.jpg,-0.028
/home/m5cs/Desktop/CNN-Autonomous-RPi-Car/Step1-Data-Collection/DataCollected/IMG9/Image_1678903976177661.jpg,-0.028
/home/m5cs/Desktop/CNN-Autonomous-RPi-Car/Step1-Data-Collection/DataCollected/IMG9/Image_1678903976224139.jpg,-0.028
/home/m5cs/Desktop/CNN-Autonomous-RPi-Car/Step1-Data-Collection/DataCollected/IMG9/Image_1678903976274619.jpg,-0.028
/home/m5cs/Desktop/CNN-Autonomous-RPi-Car/Step1-Data-Collection/DataCollected/IMG9/Image_1678903976321187.jpg,-0.028
/home/m5cs/Desktop/CNN-Autonomous-RPi-Car/Step1-Data-Collection/DataCollected/IMG9/Image_1678903976368559.jpg,-0.028
/home/m5cs/Desktop/CNN-Autonomous-RPi-Car/Step1-Data-Collection/DataCollected/IMG9/Image_167890397642173.jpg,-0.028
/home/m5cs/Desktop/CNN-Autonomous-RPi-Car/Step1-Data-Collection/DataCollected/IMG9/Image_1678903976472567.jpg,-0.028
/home/m5cs/Desktop/CNN-Autonomous-RPi-Car/Step1-Data-Collection/DataCollected/IMG9/Image_1678903976519968.jpg,-0.028
/home/m5cs/Desktop/CNN-Autonomous-RPi-Car/Step1-Data-Collection/DataCollected/IMG9/Image_1678903976568261.jpg,-0.028
/home/m5cs/Desktop/CNN-Autonomous-RPi-Car/Step1-Data-Collection/DataCollected/IMG9/Image_1678903976614958.jpg,-0.028
/home/m5cs/Desktop/CNN-Autonomous-RPi-Car/Step1-Data-Collection/DataCollected/IMG9/Image_1678903976663909.jpg,-0.028
/home/m5cs/Desktop/CNN-Autonomous-RPi-Car/Step1-Data-Collection/DataCollected/IMG9/Image_1678903976710299.jpg,-0.028
/home/m5cs/Desktop/CNN-Autonomous-RPi-Car/Step1-Data-Collection/DataCollected/IMG9/Image_1678903976757845.jpg,-0.028
/home/m5cs/Desktop/CNN-Autonomous-RPi-Car/Step1-Data-Collection/DataCollected/IMG9/Image_1678903976804835.jpg,-0.028
/home/m5cs/Desktop/CNN-Autonomous-RPi-Car/Step1-Data-Collection/DataCollected/IMG9/Image_1678903976852505.jpg,-0.028
/home/m5cs/Desktop/CNN-Autonomous-RPi-Car/Step1-Data-Collection/DataCollected/IMG9/Image_1678903976901469.jpg,-0.168
/home/m5cs/Desktop/CNN-Autonomous-RPi-Car/Step1-Data-Collection/DataCollected/IMG9/Image_1678903976948447.jpg,-1.028
/home/m5cs/Desktop/CNN-Autonomous-RPi-Car/Step1-Data-Collection/DataCollected/IMG9/Image_1678903976995147.jpg,-1.028
/home/m5cs/Desktop/CNN-Autonomous-RPi-Car/Step1-Data-Collection/DataCollected/IMG9/Image_1678903977044749.jpg,-0.548
/home/m5cs/Desktop/CNN-Autonomous-RPi-Car/Step1-Data-Collection/DataCollected/IMG9/Image_1678903977092129.jpg,-0.028
/home/m5cs/Desktop/CNN-Autonomous-RPi-Car/Step1-Data-Collection/DataCollected/IMG9/Image_1678903977138209.jpg,-0.028
/home/m5cs/Desktop/CNN-Autonomous-RPi-Car/Step1-Data-Collection/DataCollected/IMG9/Image_1678903977192176.jpg,-0.028
/home/m5cs/Desktop/CNN-Autonomous-RPi-Car/Step1-Data-Collection/DataCollected/IMG9/Image_1678903977242244.jpg,-0.028
/home/m5cs/Desktop/CNN-Autonomous-RPi-Car/Step1-Data-Collection/DataCollected/IMG9/Image_1678903977288679.jpg,-0.028
/home/m5cs/Desktop/CNN-Autonomous-RPi-Car/Step1-Data-Collection/DataCollected/IMG9/Image_1678903977334196.jpg,-0.028
/home/m5cs/Desktop/CNN-Autonomous-RPi-Car/Step1-Data-Collection/DataCollected/IMG9/Image_1678903977382627.jpg,-0.028
/home/m5cs/Desktop/CNN-Autonomous-RPi-Car/Step1-Data-Collection/DataCollected/IMG9/Image_1678903977428616.jpg,-0.028
/home/m5cs/Desktop/CNN-Autonomous-RPi-Car/Step1-Data-Collection/DataCollected/IMG9/Image_1678903977476878.jpg,-0.028
/home/m5cs/Desktop/CNN-Autonomous-RPi-Car/Step1-Data-Collection/DataCollected/IMG9/Image_1678903977522451.jpg,-0.028
/home/m5cs/Desktop/CNN-Autonomous-RPi-Car/Step1-Data-Collection/DataCollected/IMG9/Image_1678903977568028.jpg,-0.028
/home/m5cs/Desktop/CNN-Autonomous-RPi-Car/Step1-Data-Collection/DataCollected/IMG9/Image_167890397761355.jpg,-0.028
/home/m5cs/Desktop/CNN-Autonomous-RPi-Car/Step1-Data-Collection/DataCollected/IMG9/Image_1678903977661211.jpg,-0.028
/home/m5cs/Desktop/CNN-Autonomous-RPi-Car/Step1-Data-Collection/DataCollected/IMG9/Image_1678903977712143.jpg,-0.028
/home/m5cs/Desktop/CNN-Autonomous-RPi-Car/Step1-Data-Collection/DataCollected/IMG9/Image_1678903977766557.jpg,-0.028
/home/m5cs/Desktop/CNN-Autonomous-RPi-Car/Step1-Data-Collection/DataCollected/IMG9/Image_1678903977817868.jpg,-0.028
/home/m5cs/Desktop/CNN-Autonomous-RPi-Car/Step1-Data-Collection/DataCollected/IMG9/Image_1678903977868357.jpg,-0.028
/home/m5cs/Desktop/CNN-Autonomous-RPi-Car/Step1-Data-Collection/DataCollected/IMG9/Image_1678903977916578.jpg,-0.028
/home/m5cs/Desktop/CNN-Autonomous-RPi-Car/Step1-Data-Collection/DataCollected/IMG9/Image_1678903977964127.jpg,-0.028
/home/m5cs/Desktop/CNN-Autonomous-RPi-Car/Step1-Data-Collection/DataCollected/IMG9/Image_1678903978013658.jpg,-0.028
/home/m5cs/Desktop/CNN-Autonomous-RPi-Car/Step1-Data-Collection/DataCollected/IMG9/Image_1678903978063303.jpg,-0.028
/home/m5cs/Desktop/CNN-Autonomous-RPi-Car/Step1-Data-Collection/DataCollected/IMG9/Image_1678903978110893.jpg,-0.028
/home/m5cs/Desktop/CNN-Autonomous-RPi-Car/Step1-Data-Collection/DataCollected/IMG9/Image_1678903978157368.jpg,-0.028
/home/m5cs/Desktop/CNN-Autonomous-RPi-Car/Step1-Data-Collection/DataCollected/IMG9/Image_1678903978205875.jpg,-0.028
/home/m5cs/Desktop/CNN-Autonomous-RPi-Car/Step1-Data-Collection/DataCollected/IMG9/Image_1678903978253088.jpg,-0.028
/home/m5cs/Desktop/CNN-Autonomous-RPi-Car/Step1-Data-Collection/DataCollected/IMG9/Image_1678903978304589.jpg,-0.028
/home/m5cs/Desktop/CNN-Autonomous-RPi-Car/Step1-Data-Collection/DataCollected/IMG9/Image_167890397835164.jpg,-0.028
/home/m5cs/Desktop/CNN-Autonomous-RPi-Car/Step1-Data-Collection/DataCollected/IMG9/Image_1678903978397265.jpg,-0.028
/home/m5cs/Desktop/CNN-Autonomous-RPi-Car/Step1-Data-Collection/DataCollected/IMG9/Image_1678903978444479.jpg,-0.028
/home/m5cs/Desktop/CNN-Autonomous-RPi-Car/Step1-Data-Collection/DataCollected/IMG9/Image_1678903978492672.jpg,-0.028
/home/m5cs/Desktop/CNN-Autonomous-RPi-Car/Step1-Data-Collection/DataCollected/IMG9/Image_1678903978537836.jpg,-0.028
/home/m5cs/Desktop/CNN-Autonomous-RPi-Car/Step1-Data-Collection/DataCollected/IMG9/Image_1678903978588595.jpg,-0.028
/home/m5cs/Desktop/CNN-Autonomous-RPi-Car/Step1-Data-Collection/DataCollected/IMG9/Image_1678903978637754.jpg,-0.028
/home/m5cs/Desktop/CNN-Autonomous-RPi-Car/Step1-Data-Collection/DataCollected/IMG9/Image_167890397868316.jpg,-0.028
/home/m5cs/Desktop/CNN-Autonomous-RPi-Car/Step1-Data-Collection/DataCollected/IMG9/Image_1678903978731656.jpg,-0.028
/home/m5cs/Desktop/CNN-Autonomous-RPi-Car/Step1-Data-Collection/DataCollected/IMG9/Image_1678903978777265.jpg,-0.028
/home/m5cs/Desktop/CNN-Autonomous-RPi-Car/Step1-Data-Collection/DataCollected/IMG9/Image_1678903978827956.jpg,-0.028
/home/m5cs/Desktop/CNN-Autonomous-RPi-Car/Step1-Data-Collection/DataCollected/IMG9/Image_1678903978875662.jpg,-0.028
/home/m5cs/Desktop/CNN-Autonomous-RPi-Car/Step1-Data-Collection/DataCollected/IMG9/Image_1678903978920465.jpg,-0.028
/home/m5cs/Desktop/CNN-Autonomous-RPi-Car/Step1-Data-Collection/DataCollected/IMG9/Image_1678903978980925.jpg,-0.028
/home/m5cs/Desktop/CNN-Autonomous-RPi-Car/Step1-Data-Collection/DataCollected/IMG9/Image_1678903979029748.jpg,-0.028
/home/m5cs/Desktop/CNN-Autonomous-RPi-Car/Step1-Data-Collection/DataCollected/IMG9/Image_1678903979075453.jpg,-0.028
/home/m5cs/Desktop/CNN-Autonomous-RPi-Car/Step1-Data-Collection/DataCollected/IMG9/Image_1678903979122013.jpg,-0.028
/home/m5cs/Desktop/CNN-Autonomous-RPi-Car/Step1-Data-Collection/DataCollected/IMG9/Image_1678903979167963.jpg,-0.028
/home/m5cs/Desktop/CNN-Autonomous-RPi-Car/Step1-Data-Collection/DataCollected/IMG9/Image_1678903979212809.jpg,-0.028
/home/m5cs/Desktop/CNN-Autonomous-RPi-Car/Step1-Data-Collection/DataCollected/IMG9/Image_167890397926203.jpg,-0.028
/home/m5cs/Desktop/CNN-Autonomous-RPi-Car/Step1-Data-Collection/DataCollected/IMG9/Image_1678903979308955.jpg,-0.028
/home/m5cs/Desktop/CNN-Autonomous-RPi-Car/Step1-Data-Collection/DataCollected/IMG9/Image_1678903979357087.jpg,-0.028
/home/m5cs/Desktop/CNN-Autonomous-RPi-Car/Step1-Data-Collection/DataCollected/IMG9/Image_1678903979403096.jpg,-0.03
/home/m5cs/Desktop/CNN-Autonomous-RPi-Car/Step1-Data-Collection/DataCollected/IMG9/Image_1678903979452561.jpg,-0.03
/home/m5cs/Desktop/CNN-Autonomous-RPi-Car/Step1-Data-Collection/DataCollected/IMG9/Image_1678903979498393.jpg,-0.03
/home/m5cs/Desktop/CNN-Autonomous-RPi-Car/Step1-Data-Collection/DataCollected/IMG9/Image_1678903979544396.jpg,-0.03
/home/m5cs/Desktop/CNN-Autonomous-RPi-Car/Step1-Data-Collection/DataCollected/IMG9/Image_1678903979595598.jpg,-0.03
/home/m5cs/Desktop/CNN-Autonomous-RPi-Car/Step1-Data-Collection/DataCollected/IMG9/Image_1678903979645012.jpg,-0.03
/home/m5cs/Desktop/CNN-Autonomous-RPi-Car/Step1-Data-Collection/DataCollected/IMG9/Image_1678904008902556.jpg,-0.03
/home/m5cs/Desktop/CNN-Autonomous-RPi-Car/Step1-Data-Collection/DataCollected/IMG9/Image_1678904008984891.jpg,-0.03
/home/m5cs/Desktop/CNN-Autonomous-RPi-Car/Step1-Data-Collection/DataCollected/IMG9/Image_1678904009053306.jpg,-0.03
/home/m5cs/Desktop/CNN-Autonomous-RPi-Car/Step1-Data-Collection/DataCollected/IMG9/Image_1678904009116194.jpg,-0.03
/home/m5cs/Desktop/CNN-Autonomous-RPi-Car/Step1-Data-Collection/DataCollected/IMG9/Image_1678904009171652.jpg,-0.03
/home/m5cs/Desktop/CNN-Autonomous-RPi-Car/Step1-Data-Collection/DataCollected/IMG9/Image_1678904009219366.jpg,-0.03
/home/m5cs/Desktop/CNN-Autonomous-RPi-Car/Step1-Data-Collection/DataCollected/IMG9/Image_1678904009267196.jpg,-0.03
/home/m5cs/Desktop/CNN-Autonomous-RPi-Car/Step1-Data-Collection/DataCollected/IMG9/Image_1678904009320596.jpg,-0.03
/home/m5cs/Desktop/CNN-Autonomous-RPi-Car/Step1-Data-Collection/DataCollected/IMG9/Image_1678904009379439.jpg,-0.03
/home/m5cs/Desktop/CNN-Autonomous-RPi-Car/Step1-Data-Collection/DataCollected/IMG9/Image_1678904009432352.jpg,-0.03
/home/m5cs/Desktop/CNN-Autonomous-RPi-Car/Step1-Data-Collection/DataCollected/IMG9/Image_1678904009485073.jpg,-0.03
/home/m5cs/Desktop/CNN-Autonomous-RPi-Car/Step1-Data-Collection/DataCollected/IMG9/Image_1678904009538056.jpg,-0.03
/home/m5cs/Desktop/CNN-Autonomous-RPi-Car/Step1-Data-Collection/DataCollected/IMG9/Image_1678904009596127.jpg,-0.03
/home/m5cs/Desktop/CNN-Autonomous-RPi-Car/Step1-Data-Collection/DataCollected/IMG9/Image_1678904009646542.jpg,-0.03
/home/m5cs/Desktop/CNN-Autonomous-RPi-Car/Step1-Data-Collection/DataCollected/IMG9/Image_1678904009699422.jpg,-0.03
/home/m5cs/Desktop/CNN-Autonomous-RPi-Car/Step1-Data-Collection/DataCollected/IMG9/Image_167890400975307.jpg,-0.03
/home/m5cs/Desktop/CNN-Autonomous-RPi-Car/Step1-Data-Collection/DataCollected/IMG9/Image_1678904009806833.jpg,-0.03
/home/m5cs/Desktop/CNN-Autonomous-RPi-Car/Step1-Data-Collection/DataCollected/IMG9/Image_1678904009862632.jpg,-0.03
/home/m5cs/Desktop/CNN-Autonomous-RPi-Car/Step1-Data-Collection/DataCollected/IMG9/Image_1678904009916417.jpg,-0.03
/home/m5cs/Desktop/CNN-Autonomous-RPi-Car/Step1-Data-Collection/DataCollected/IMG9/Image_1678904009970587.jpg,-0.03
/home/m5cs/Desktop/CNN-Autonomous-RPi-Car/Step1-Data-Collection/DataCollected/IMG9/Image_1678904010021238.jpg,-0.03
/home/m5cs/Desktop/CNN-Autonomous-RPi-Car/Step1-Data-Collection/DataCollected/IMG9/Image_1678904010070612.jpg,-0.03
/home/m5cs/Desktop/CNN-Autonomous-RPi-Car/Step1-Data-Collection/DataCollected/IMG9/Image_1678904010121725.jpg,-0.03
/home/m5cs/Desktop/CNN-Autonomous-RPi-Car/Step1-Data-Collection/DataCollected/IMG9/Image_1678904010170541.jpg,-0.03
/home/m5cs/Desktop/CNN-Autonomous-RPi-Car/Step1-Data-Collection/DataCollected/IMG9/Image_1678904010225407.jpg,-0.03
/home/m5cs/Desktop/CNN-Autonomous-RPi-Car/Step1-Data-Collection/DataCollected/IMG9/Image_1678904010279855.jpg,-0.03
/home/m5cs/Desktop/CNN-Autonomous-RPi-Car/Step1-Data-Collection/DataCollected/IMG9/Image_1678904010330615.jpg,-0.028
/home/m5cs/Desktop/CNN-Autonomous-RPi-Car/Step1-Data-Collection/DataCollected/IMG9/Image_1678904010387161.jpg,-0.028
/home/m5cs/Desktop/CNN-Autonomous-RPi-Car/Step1-Data-Collection/DataCollected/IMG9/Image_1678904010439808.jpg,-0.028
/home/m5cs/Desktop/CNN-Autonomous-RPi-Car/Step1-Data-Collection/DataCollected/IMG9/Image_167890401049122.jpg,-0.028
/home/m5cs/Desktop/CNN-Autonomous-RPi-Car/Step1-Data-Collection/DataCollected/IMG9/Image_1678904010543756.jpg,-0.028
/home/m5cs/Desktop/CNN-Autonomous-RPi-Car/Step1-Data-Collection/DataCollected/IMG9/Image_1678904010595898.jpg,-0.028
/home/m5cs/Desktop/CNN-Autonomous-RPi-Car/Step1-Data-Collection/DataCollected/IMG9/Image_1678904010655298.jpg,-0.028
/home/m5cs/Desktop/CNN-Autonomous-RPi-Car/Step1-Data-Collection/DataCollected/IMG9/Image_1678904010706451.jpg,-0.028
/home/m5cs/Desktop/CNN-Autonomous-RPi-Car/Step1-Data-Collection/DataCollected/IMG9/Image_167890401075864.jpg,-0.028
/home/m5cs/Desktop/CNN-Autonomous-RPi-Car/Step1-Data-Collection/DataCollected/IMG9/Image_1678904010814226.jpg,-0.028
/home/m5cs/Desktop/CNN-Autonomous-RPi-Car/Step1-Data-Collection/DataCollected/IMG9/Image_1678904010864477.jpg,-0.028
/home/m5cs/Desktop/CNN-Autonomous-RPi-Car/Step1-Data-Collection/DataCollected/IMG9/Image_1678904010915558.jpg,-0.028
/home/m5cs/Desktop/CNN-Autonomous-RPi-Car/Step1-Data-Collection/DataCollected/IMG9/Image_1678904010970507.jpg,-0.028
/home/m5cs/Desktop/CNN-Autonomous-RPi-Car/Step1-Data-Collection/DataCollected/IMG9/Image_1678904011027407.jpg,-0.028
/home/m5cs/Desktop/CNN-Autonomous-RPi-Car/Step1-Data-Collection/DataCollected/IMG9/Image_1678904011078491.jpg,-0.028
/home/m5cs/Desktop/CNN-Autonomous-RPi-Car/Step1-Data-Collection/DataCollected/IMG9/Image_1678904011128807.jpg,-0.028
/home/m5cs/Desktop/CNN-Autonomous-RPi-Car/Step1-Data-Collection/DataCollected/IMG9/Image_1678904011180342.jpg,-0.028
/home/m5cs/Desktop/CNN-Autonomous-RPi-Car/Step1-Data-Collection/DataCollected/IMG9/Image_1678904011233105.jpg,-0.028
/home/m5cs/Desktop/CNN-Autonomous-RPi-Car/Step1-Data-Collection/DataCollected/IMG9/Image_167890401128925.jpg,-0.028
/home/m5cs/Desktop/CNN-Autonomous-RPi-Car/Step1-Data-Collection/DataCollected/IMG9/Image_1678904011339555.jpg,-0.028
/home/m5cs/Desktop/CNN-Autonomous-RPi-Car/Step1-Data-Collection/DataCollected/IMG9/Image_1678904011389913.jpg,-0.028
/home/m5cs/Desktop/CNN-Autonomous-RPi-Car/Step1-Data-Collection/DataCollected/IMG9/Image_1678904011438876.jpg,-0.028
/home/m5cs/Desktop/CNN-Autonomous-RPi-Car/Step1-Data-Collection/DataCollected/IMG9/Image_1678904011495177.jpg,-0.028
/home/m5cs/Desktop/CNN-Autonomous-RPi-Car/Step1-Data-Collection/DataCollected/IMG9/Image_1678904011546434.jpg,-0.028
/home/m5cs/Desktop/CNN-Autonomous-RPi-Car/Step1-Data-Collection/DataCollected/IMG9/Image_1678904011596135.jpg,-0.028
/home/m5cs/Desktop/CNN-Autonomous-RPi-Car/Step1-Data-Collection/DataCollected/IMG9/Image_1678904011644749.jpg,-0.028
/home/m5cs/Desktop/CNN-Autonomous-RPi-Car/Step1-Data-Collection/DataCollected/IMG9/Image_1678904011695085.jpg,-0.028
/home/m5cs/Desktop/CNN-Autonomous-RPi-Car/Step1-Data-Collection/DataCollected/IMG9/Image_1678904011749477.jpg,-0.028
/home/m5cs/Desktop/CNN-Autonomous-RPi-Car/Step1-Data-Collection/DataCollected/IMG9/Image_1678904011799731.jpg,-0.028
/home/m5cs/Desktop/CNN-Autonomous-RPi-Car/Step1-Data-Collection/DataCollected/IMG9/Image_167890401185019.jpg,-0.028
/home/m5cs/Desktop/CNN-Autonomous-RPi-Car/Step1-Data-Collection/DataCollected/IMG9/Image_1678904011900032.jpg,-0.028
/home/m5cs/Desktop/CNN-Autonomous-RPi-Car/Step1-Data-Collection/DataCollected/IMG9/Image_1678904011952173.jpg,-0.028
/home/m5cs/Desktop/CNN-Autonomous-RPi-Car/Step1-Data-Collection/DataCollected/IMG9/Image_1678904012007117.jpg,-0.028
/home/m5cs/Desktop/CNN-Autonomous-RPi-Car/Step1-Data-Collection/DataCollected/IMG9/Image_1678904012065304.jpg,-0.028
/home/m5cs/Desktop/CNN-Autonomous-RPi-Car/Step1-Data-Collection/DataCollected/IMG9/Image_1678904012115778.jpg,-0.028
/home/m5cs/Desktop/CNN-Autonomous-RPi-Car/Step1-Data-Collection/DataCollected/IMG9/Image_167890401216415.jpg,-0.028
/home/m5cs/Desktop/CNN-Autonomous-RPi-Car/Step1-Data-Collection/DataCollected/IMG9/Image_1678904012215744.jpg,-0.028
/home/m5cs/Desktop/CNN-Autonomous-RPi-Car/Step1-Data-Collection/DataCollected/IMG9/Image_1678904012270279.jpg,-0.028
/home/m5cs/Desktop/CNN-Autonomous-RPi-Car/Step1-Data-Collection/DataCollected/IMG9/Image_1678904012329015.jpg,-0.028
/home/m5cs/Desktop/CNN-Autonomous-RPi-Car/Step1-Data-Collection/DataCollected/IMG9/Image_1678904012390286.jpg,-0.028
/home/m5cs/Desktop/CNN-Autonomous-RPi-Car/Step1-Data-Collection/DataCollected/IMG9/Image_1678904012445677.jpg,-0.028
/home/m5cs/Desktop/CNN-Autonomous-RPi-Car/Step1-Data-Collection/DataCollected/IMG9/Image_1678904012504961.jpg,-0.028
/home/m5cs/Desktop/CNN-Autonomous-RPi-Car/Step1-Data-Collection/DataCollected/IMG9/Image_1678904012558191.jpg,-0.028
/home/m5cs/Desktop/CNN-Autonomous-RPi-Car/Step1-Data-Collection/DataCollected/IMG9/Image_167890401261737.jpg,-0.028
/home/m5cs/Desktop/CNN-Autonomous-RPi-Car/Step1-Data-Collection/DataCollected/IMG9/Image_1678904012672137.jpg,-0.028
/home/m5cs/Desktop/CNN-Autonomous-RPi-Car/Step1-Data-Collection/DataCollected/IMG9/Image_167890401273064.jpg,-0.028
/home/m5cs/Desktop/CNN-Autonomous-RPi-Car/Step1-Data-Collection/DataCollected/IMG9/Image_167890401278253.jpg,-0.028
/home/m5cs/Desktop/CNN-Autonomous-RPi-Car/Step1-Data-Collection/DataCollected/IMG9/Image_1678904012837549.jpg,-0.028
/home/m5cs/Desktop/CNN-Autonomous-RPi-Car/Step1-Data-Collection/DataCollected/IMG9/Image_1678904012894622.jpg,-0.028
/home/m5cs/Desktop/CNN-Autonomous-RPi-Car/Step1-Data-Collection/DataCollected/IMG9/Image_1678904012947425.jpg,-0.028
/home/m5cs/Desktop/CNN-Autonomous-RPi-Car/Step1-Data-Collection/DataCollected/IMG9/Image_1678904013004985.jpg,-0.028
/home/m5cs/Desktop/CNN-Autonomous-RPi-Car/Step1-Data-Collection/DataCollected/IMG9/Image_1678904013056109.jpg,-0.028
/home/m5cs/Desktop/CNN-Autonomous-RPi-Car/Step1-Data-Collection/DataCollected/IMG9/Image_1678904013107673.jpg,-0.028
/home/m5cs/Desktop/CNN-Autonomous-RPi-Car/Step1-Data-Collection/DataCollected/IMG9/Image_1678904013157598.jpg,-0.028
/home/m5cs/Desktop/CNN-Autonomous-RPi-Car/Step1-Data-Collection/DataCollected/IMG9/Image_167890401320604.jpg,-0.028
/home/m5cs/Desktop/CNN-Autonomous-RPi-Car/Step1-Data-Collection/DataCollected/IMG9/Image_1678904013261448.jpg,-0.028
/home/m5cs/Desktop/CNN-Autonomous-RPi-Car/Step1-Data-Collection/DataCollected/IMG9/Image_1678904013317158.jpg,-0.028
/home/m5cs/Desktop/CNN-Autonomous-RPi-Car/Step1-Data-Collection/DataCollected/IMG9/Image_1678904013368188.jpg,-0.028
/home/m5cs/Desktop/CNN-Autonomous-RPi-Car/Step1-Data-Collection/DataCollected/IMG9/Image_1678904013421828.jpg,-0.028
/home/m5cs/Desktop/CNN-Autonomous-RPi-Car/Step1-Data-Collection/DataCollected/IMG9/Image_1678904013472067.jpg,-0.028
/home/m5cs/Desktop/CNN-Autonomous-RPi-Car/Step1-Data-Collection/DataCollected/IMG9/Image_1678904013522052.jpg,-0.028
/home/m5cs/Desktop/CNN-Autonomous-RPi-Car/Step1-Data-Collection/DataCollected/IMG9/Image_1678904013571258.jpg,-0.028
/home/m5cs/Desktop/CNN-Autonomous-RPi-Car/Step1-Data-Collection/DataCollected/IMG9/Image_1678904013622527.jpg,-0.028
/home/m5cs/Desktop/CNN-Autonomous-RPi-Car/Step1-Data-Collection/DataCollected/IMG9/Image_1678904013675339.jpg,-0.028
/home/m5cs/Desktop/CNN-Autonomous-RPi-Car/Step1-Data-Collection/DataCollected/IMG9/Image_1678904013730999.jpg,-0.028
/home/m5cs/Desktop/CNN-Autonomous-RPi-Car/Step1-Data-Collection/DataCollected/IMG9/Image_1678904013783596.jpg,-0.028
/home/m5cs/Desktop/CNN-Autonomous-RPi-Car/Step1-Data-Collection/DataCollected/IMG9/Image_1678904013833456.jpg,-0.028
/home/m5cs/Desktop/CNN-Autonomous-RPi-Car/Step1-Data-Collection/DataCollected/IMG9/Image_1678904013884892.jpg,-0.028
/home/m5cs/Desktop/CNN-Autonomous-RPi-Car/Step1-Data-Collection/DataCollected/IMG9/Image_1678904013944586.jpg,-0.028
/home/m5cs/Desktop/CNN-Autonomous-RPi-Car/Step1-Data-Collection/DataCollected/IMG9/Image_1678904013992986.jpg,-0.028
/home/m5cs/Desktop/CNN-Autonomous-RPi-Car/Step1-Data-Collection/DataCollected/IMG9/Image_1678904014045067.jpg,-0.028
/home/m5cs/Desktop/CNN-Autonomous-RPi-Car/Step1-Data-Collection/DataCollected/IMG9/Image_1678904014104257.jpg,-0.028
/home/m5cs/Desktop/CNN-Autonomous-RPi-Car/Step1-Data-Collection/DataCollected/IMG9/Image_1678904014163256.jpg,-0.028
/home/m5cs/Desktop/CNN-Autonomous-RPi-Car/Step1-Data-Collection/DataCollected/IMG9/Image_1678904014221819.jpg,-0.028
/home/m5cs/Desktop/CNN-Autonomous-RPi-Car/Step1-Data-Collection/DataCollected/IMG9/Image_1678904014271378.jpg,-0.028
/home/m5cs/Desktop/CNN-Autonomous-RPi-Car/Step1-Data-Collection/DataCollected/IMG9/Image_1678904014325623.jpg,-0.028
/home/m5cs/Desktop/CNN-Autonomous-RPi-Car/Step1-Data-Collection/DataCollected/IMG9/Image_1678904014379552.jpg,-0.028
/home/m5cs/Desktop/CNN-Autonomous-RPi-Car/Step1-Data-Collection/DataCollected/IMG9/Image_1678904014428676.jpg,-0.028
/home/m5cs/Desktop/CNN-Autonomous-RPi-Car/Step1-Data-Collection/DataCollected/IMG9/Image_1678904014478909.jpg,-0.028
/home/m5cs/Desktop/CNN-Autonomous-RPi-Car/Step1-Data-Collection/DataCollected/IMG9/Image_1678904014533132.jpg,-0.028
/home/m5cs/Desktop/CNN-Autonomous-RPi-Car/Step1-Data-Collection/DataCollected/IMG9/Image_1678904014588212.jpg,-0.028
/home/m5cs/Desktop/CNN-Autonomous-RPi-Car/Step1-Data-Collection/DataCollected/IMG9/Image_1678904014642123.jpg,-0.028
/home/m5cs/Desktop/CNN-Autonomous-RPi-Car/Step1-Data-Collection/DataCollected/IMG9/Image_1678904014692283.jpg,-0.028
/home/m5cs/Desktop/CNN-Autonomous-RPi-Car/Step1-Data-Collection/DataCollected/IMG9/Image_167890401474469.jpg,-0.028
/home/m5cs/Desktop/CNN-Autonomous-RPi-Car/Step1-Data-Collection/DataCollected/IMG9/Image_1678904014800634.jpg,-0.028
/home/m5cs/Desktop/CNN-Autonomous-RPi-Car/Step1-Data-Collection/DataCollected/IMG9/Image_1678904014851271.jpg,-0.028
/home/m5cs/Desktop/CNN-Autonomous-RPi-Car/Step1-Data-Collection/DataCollected/IMG9/Image_1678904014902225.jpg,-0.028
/home/m5cs/Desktop/CNN-Autonomous-RPi-Car/Step1-Data-Collection/DataCollected/IMG9/Image_1678904014952149.jpg,-0.028
/home/m5cs/Desktop/CNN-Autonomous-RPi-Car/Step1-Data-Collection/DataCollected/IMG9/Image_1678904015004972.jpg,-0.028
/home/m5cs/Desktop/CNN-Autonomous-RPi-Car/Step1-Data-Collection/DataCollected/IMG9/Image_1678904015061578.jpg,-0.028
/home/m5cs/Desktop/CNN-Autonomous-RPi-Car/Step1-Data-Collection/DataCollected/IMG9/Image_1678904015112511.jpg,-0.028
/home/m5cs/Desktop/CNN-Autonomous-RPi-Car/Step1-Data-Collection/DataCollected/IMG9/Image_1678904015171957.jpg,-0.028
/home/m5cs/Desktop/CNN-Autonomous-RPi-Car/Step1-Data-Collection/DataCollected/IMG9/Image_1678904015220783.jpg,-0.028
/home/m5cs/Desktop/CNN-Autonomous-RPi-Car/Step1-Data-Collection/DataCollected/IMG9/Image_1678904015268651.jpg,-0.028
/home/m5cs/Desktop/CNN-Autonomous-RPi-Car/Step1-Data-Collection/DataCollected/IMG9/Image_1678904015319335.jpg,-0.028
/home/m5cs/Desktop/CNN-Autonomous-RPi-Car/Step1-Data-Collection/DataCollected/IMG9/Image_167890401536968.jpg,-0.028
/home/m5cs/Desktop/CNN-Autonomous-RPi-Car/Step1-Data-Collection/DataCollected/IMG9/Image_1678904015418206.jpg,-0.028
/home/m5cs/Desktop/CNN-Autonomous-RPi-Car/Step1-Data-Collection/DataCollected/IMG9/Image_16789040154696.jpg,-0.028
/home/m5cs/Desktop/CNN-Autonomous-RPi-Car/Step1-Data-Collection/DataCollected/IMG9/Image_1678904015520536.jpg,-0.028
/home/m5cs/Desktop/CNN-Autonomous-RPi-Car/Step1-Data-Collection/DataCollected/IMG9/Image_167890401557084.jpg,-0.028
/home/m5cs/Desktop/CNN-Autonomous-RPi-Car/Step1-Data-Collection/DataCollected/IMG9/Image_1678904015619244.jpg,-0.028
/home/m5cs/Desktop/CNN-Autonomous-RPi-Car/Step1-Data-Collection/DataCollected/IMG9/Image_1678904015671792.jpg,-0.028
/home/m5cs/Desktop/CNN-Autonomous-RPi-Car/Step1-Data-Collection/DataCollected/IMG9/Image_1678904015722943.jpg,-0.028
/home/m5cs/Desktop/CNN-Autonomous-RPi-Car/Step1-Data-Collection/DataCollected/IMG9/Image_1678904015774128.jpg,-0.028
/home/m5cs/Desktop/CNN-Autonomous-RPi-Car/Step1-Data-Collection/DataCollected/IMG9/Image_1678904015827137.jpg,-0.028
/home/m5cs/Desktop/CNN-Autonomous-RPi-Car/Step1-Data-Collection/DataCollected/IMG9/Image_1678904015885256.jpg,-0.028
/home/m5cs/Desktop/CNN-Autonomous-RPi-Car/Step1-Data-Collection/DataCollected/IMG9/Image_1678904015945427.jpg,-0.028
/home/m5cs/Desktop/CNN-Autonomous-RPi-Car/Step1-Data-Collection/DataCollected/IMG9/Image_167890401599787.jpg,-0.028
/home/m5cs/Desktop/CNN-Autonomous-RPi-Car/Step1-Data-Collection/DataCollected/IMG9/Image_1678904016047975.jpg,-0.028
/home/m5cs/Desktop/CNN-Autonomous-RPi-Car/Step1-Data-Collection/DataCollected/IMG9/Image_1678904016098068.jpg,-0.028
/home/m5cs/Desktop/CNN-Autonomous-RPi-Car/Step1-Data-Collection/DataCollected/IMG9/Image_1678904016147575.jpg,-0.028
/home/m5cs/Desktop/CNN-Autonomous-RPi-Car/Step1-Data-Collection/DataCollected/IMG9/Image_1678904016198266.jpg,-0.028
/home/m5cs/Desktop/CNN-Autonomous-RPi-Car/Step1-Data-Collection/DataCollected/IMG9/Image_1678904016246827.jpg,-0.028
/home/m5cs/Desktop/CNN-Autonomous-RPi-Car/Step1-Data-Collection/DataCollected/IMG9/Image_1678904016297777.jpg,-0.028
/home/m5cs/Desktop/CNN-Autonomous-RPi-Car/Step1-Data-Collection/DataCollected/IMG9/Image_1678904016346296.jpg,-0.028
/home/m5cs/Desktop/CNN-Autonomous-RPi-Car/Step1-Data-Collection/DataCollected/IMG9/Image_1678904016393681.jpg,-0.028
/home/m5cs/Desktop/CNN-Autonomous-RPi-Car/Step1-Data-Collection/DataCollected/IMG9/Image_167890401644507.jpg,-0.028
/home/m5cs/Desktop/CNN-Autonomous-RPi-Car/Step1-Data-Collection/DataCollected/IMG9/Image_1678904016496661.jpg,-0.028
/home/m5cs/Desktop/CNN-Autonomous-RPi-Car/Step1-Data-Collection/DataCollected/IMG9/Image_1678904016547752.jpg,-0.028
/home/m5cs/Desktop/CNN-Autonomous-RPi-Car/Step1-Data-Collection/DataCollected/IMG9/Image_1678904016599237.jpg,-0.028
/home/m5cs/Desktop/CNN-Autonomous-RPi-Car/Step1-Data-Collection/DataCollected/IMG9/Image_1678904016651506.jpg,-0.028
/home/m5cs/Desktop/CNN-Autonomous-RPi-Car/Step1-Data-Collection/DataCollected/IMG9/Image_1678904016702832.jpg,-0.028
/home/m5cs/Desktop/CNN-Autonomous-RPi-Car/Step1-Data-Collection/DataCollected/IMG9/Image_167890401675277.jpg,-0.028
/home/m5cs/Desktop/CNN-Autonomous-RPi-Car/Step1-Data-Collection/DataCollected/IMG9/Image_1678904016804607.jpg,-0.028
/home/m5cs/Desktop/CNN-Autonomous-RPi-Car/Step1-Data-Collection/DataCollected/IMG9/Image_1678904016854902.jpg,-0.028
/home/m5cs/Desktop/CNN-Autonomous-RPi-Car/Step1-Data-Collection/DataCollected/IMG9/Image_1678904016910659.jpg,-0.028
/home/m5cs/Desktop/CNN-Autonomous-RPi-Car/Step1-Data-Collection/DataCollected/IMG9/Image_1678904016961388.jpg,-0.028
/home/m5cs/Desktop/CNN-Autonomous-RPi-Car/Step1-Data-Collection/DataCollected/IMG9/Image_167890401701213.jpg,-0.028
/home/m5cs/Desktop/CNN-Autonomous-RPi-Car/Step1-Data-Collection/DataCollected/IMG9/Image_1678904017062367.jpg,-0.028
/home/m5cs/Desktop/CNN-Autonomous-RPi-Car/Step1-Data-Collection/DataCollected/IMG9/Image_1678904017112161.jpg,-0.028
/home/m5cs/Desktop/CNN-Autonomous-RPi-Car/Step1-Data-Collection/DataCollected/IMG9/Image_1678904017162843.jpg,-0.028
/home/m5cs/Desktop/CNN-Autonomous-RPi-Car/Step1-Data-Collection/DataCollected/IMG9/Image_1678904017213759.jpg,-0.028
/home/m5cs/Desktop/CNN-Autonomous-RPi-Car/Step1-Data-Collection/DataCollected/IMG9/Image_1678904017264961.jpg,-0.028
/home/m5cs/Desktop/CNN-Autonomous-RPi-Car/Step1-Data-Collection/DataCollected/IMG9/Image_1678904017315686.jpg,-0.028
/home/m5cs/Desktop/CNN-Autonomous-RPi-Car/Step1-Data-Collection/DataCollected/IMG9/Image_1678904017367733.jpg,-0.028
/home/m5cs/Desktop/CNN-Autonomous-RPi-Car/Step1-Data-Collection/DataCollected/IMG9/Image_1678904017415866.jpg,-0.028
/home/m5cs/Desktop/CNN-Autonomous-RPi-Car/Step1-Data-Collection/DataCollected/IMG9/Image_1678904017468704.jpg,-0.028
/home/m5cs/Desktop/CNN-Autonomous-RPi-Car/Step1-Data-Collection/DataCollected/IMG9/Image_1678904017519519.jpg,-0.028
/home/m5cs/Desktop/CNN-Autonomous-RPi-Car/Step1-Data-Collection/DataCollected/IMG9/Image_1678904017570132.jpg,-0.028
/home/m5cs/Desktop/CNN-Autonomous-RPi-Car/Step1-Data-Collection/DataCollected/IMG9/Image_1678904017620557.jpg,-0.028
/home/m5cs/Desktop/CNN-Autonomous-RPi-Car/Step1-Data-Collection/DataCollected/IMG9/Image_1678904017669129.jpg,-0.028
/home/m5cs/Desktop/CNN-Autonomous-RPi-Car/Step1-Data-Collection/DataCollected/IMG9/Image_1678904017719911.jpg,-0.028
/home/m5cs/Desktop/CNN-Autonomous-RPi-Car/Step1-Data-Collection/DataCollected/IMG9/Image_1678904017768092.jpg,-0.028
/home/m5cs/Desktop/CNN-Autonomous-RPi-Car/Step1-Data-Collection/DataCollected/IMG9/Image_1678904017818629.jpg,-0.028
/home/m5cs/Desktop/CNN-Autonomous-RPi-Car/Step1-Data-Collection/DataCollected/IMG9/Image_1678904017868902.jpg,-0.028
/home/m5cs/Desktop/CNN-Autonomous-RPi-Car/Step1-Data-Collection/DataCollected/IMG9/Image_1678904017917346.jpg,-0.028
/home/m5cs/Desktop/CNN-Autonomous-RPi-Car/Step1-Data-Collection/DataCollected/IMG9/Image_1678904017967986.jpg,-0.028
/home/m5cs/Desktop/CNN-Autonomous-RPi-Car/Step1-Data-Collection/DataCollected/IMG9/Image_1678904018016188.jpg,-0.028
/home/m5cs/Desktop/CNN-Autonomous-RPi-Car/Step1-Data-Collection/DataCollected/IMG9/Image_1678904018066288.jpg,-0.028
/home/m5cs/Desktop/CNN-Autonomous-RPi-Car/Step1-Data-Collection/DataCollected/IMG9/Image_1678904018120332.jpg,-0.028
/home/m5cs/Desktop/CNN-Autonomous-RPi-Car/Step1-Data-Collection/DataCollected/IMG9/Image_1678904018172786.jpg,-0.028
/home/m5cs/Desktop/CNN-Autonomous-RPi-Car/Step1-Data-Collection/DataCollected/IMG9/Image_1678904018223179.jpg,-0.028
/home/m5cs/Desktop/CNN-Autonomous-RPi-Car/Step1-Data-Collection/DataCollected/IMG9/Image_1678904018275565.jpg,-0.028
/home/m5cs/Desktop/CNN-Autonomous-RPi-Car/Step1-Data-Collection/DataCollected/IMG9/Image_1678904018324744.jpg,-0.028
/home/m5cs/Desktop/CNN-Autonomous-RPi-Car/Step1-Data-Collection/DataCollected/IMG9/Image_1678904018378434.jpg,-0.028
/home/m5cs/Desktop/CNN-Autonomous-RPi-Car/Step1-Data-Collection/DataCollected/IMG9/Image_16789040184303.jpg,-0.028
/home/m5cs/Desktop/CNN-Autonomous-RPi-Car/Step1-Data-Collection/DataCollected/IMG9/Image_1678904018487615.jpg,-0.028
/home/m5cs/Desktop/CNN-Autonomous-RPi-Car/Step1-Data-Collection/DataCollected/IMG9/Image_1678904018537097.jpg,-0.028
/home/m5cs/Desktop/CNN-Autonomous-RPi-Car/Step1-Data-Collection/DataCollected/IMG9/Image_1678904018587874.jpg,-0.028
/home/m5cs/Desktop/CNN-Autonomous-RPi-Car/Step1-Data-Collection/DataCollected/IMG9/Image_1678904018637168.jpg,-0.028
/home/m5cs/Desktop/CNN-Autonomous-RPi-Car/Step1-Data-Collection/DataCollected/IMG9/Image_1678904018687702.jpg,-1.028
/home/m5cs/Desktop/CNN-Autonomous-RPi-Car/Step1-Data-Collection/DataCollected/IMG9/Image_1678904018738084.jpg,-1.028
/home/m5cs/Desktop/CNN-Autonomous-RPi-Car/Step1-Data-Collection/DataCollected/IMG9/Image_1678904018789901.jpg,-1.028
/home/m5cs/Desktop/CNN-Autonomous-RPi-Car/Step1-Data-Collection/DataCollected/IMG9/Image_1678904018840487.jpg,-1.028
/home/m5cs/Desktop/CNN-Autonomous-RPi-Car/Step1-Data-Collection/DataCollected/IMG9/Image_1678904018890776.jpg,-1.028
/home/m5cs/Desktop/CNN-Autonomous-RPi-Car/Step1-Data-Collection/DataCollected/IMG9/Image_1678904018943399.jpg,-1.028
/home/m5cs/Desktop/CNN-Autonomous-RPi-Car/Step1-Data-Collection/DataCollected/IMG9/Image_1678904018993045.jpg,-1.028
/home/m5cs/Desktop/CNN-Autonomous-RPi-Car/Step1-Data-Collection/DataCollected/IMG9/Image_167890401904393.jpg,-1.028
/home/m5cs/Desktop/CNN-Autonomous-RPi-Car/Step1-Data-Collection/DataCollected/IMG9/Image_1678904019096204.jpg,-1.028
/home/m5cs/Desktop/CNN-Autonomous-RPi-Car/Step1-Data-Collection/DataCollected/IMG9/Image_1678904019146632.jpg,-1.028
/home/m5cs/Desktop/CNN-Autonomous-RPi-Car/Step1-Data-Collection/DataCollected/IMG9/Image_1678904019202669.jpg,-1.028
/home/m5cs/Desktop/CNN-Autonomous-RPi-Car/Step1-Data-Collection/DataCollected/IMG9/Image_167890401926296.jpg,-1.028
/home/m5cs/Desktop/CNN-Autonomous-RPi-Car/Step1-Data-Collection/DataCollected/IMG9/Image_1678904019326814.jpg,-1.028
/home/m5cs/Desktop/CNN-Autonomous-RPi-Car/Step1-Data-Collection/DataCollected/IMG9/Image_1678904019381764.jpg,-1.028
/home/m5cs/Desktop/CNN-Autonomous-RPi-Car/Step1-Data-Collection/DataCollected/IMG9/Image_1678904019432971.jpg,-1.028
/home/m5cs/Desktop/CNN-Autonomous-RPi-Car/Step1-Data-Collection/DataCollected/IMG9/Image_1678904019481297.jpg,-1.028
/home/m5cs/Desktop/CNN-Autonomous-RPi-Car/Step1-Data-Collection/DataCollected/IMG9/Image_1678904019538782.jpg,-1.028
/home/m5cs/Desktop/CNN-Autonomous-RPi-Car/Step1-Data-Collection/DataCollected/IMG9/Image_1678904019594708.jpg,-1.028
/home/m5cs/Desktop/CNN-Autonomous-RPi-Car/Step1-Data-Collection/DataCollected/IMG9/Image_1678904019647341.jpg,-1.028
/home/m5cs/Desktop/CNN-Autonomous-RPi-Car/Step1-Data-Collection/DataCollected/IMG9/Image_1678904019700105.jpg,-1.028
/home/m5cs/Desktop/CNN-Autonomous-RPi-Car/Step1-Data-Collection/DataCollected/IMG9/Image_1678904019756309.jpg,-1.028
/home/m5cs/Desktop/CNN-Autonomous-RPi-Car/Step1-Data-Collection/DataCollected/IMG9/Image_1678904019808683.jpg,-1.028
/home/m5cs/Desktop/CNN-Autonomous-RPi-Car/Step1-Data-Collection/DataCollected/IMG9/Image_1678904019857926.jpg,-1.028
/home/m5cs/Desktop/CNN-Autonomous-RPi-Car/Step1-Data-Collection/DataCollected/IMG9/Image_1678904019915213.jpg,-1.028
/home/m5cs/Desktop/CNN-Autonomous-RPi-Car/Step1-Data-Collection/DataCollected/IMG9/Image_16789040199647.jpg,-1.028
/home/m5cs/Desktop/CNN-Autonomous-RPi-Car/Step1-Data-Collection/DataCollected/IMG9/Image_1678904020015007.jpg,-1.028
/home/m5cs/Desktop/CNN-Autonomous-RPi-Car/Step1-Data-Collection/DataCollected/IMG9/Image_1678904020066405.jpg,-1.028
/home/m5cs/Desktop/CNN-Autonomous-RPi-Car/Step1-Data-Collection/DataCollected/IMG9/Image_1678904020121206.jpg,-1.028
/home/m5cs/Desktop/CNN-Autonomous-RPi-Car/Step1-Data-Collection/DataCollected/IMG9/Image_1678904020174494.jpg,-1.028
/home/m5cs/Desktop/CNN-Autonomous-RPi-Car/Step1-Data-Collection/DataCollected/IMG9/Image_1678904020226626.jpg,-1.028
/home/m5cs/Desktop/CNN-Autonomous-RPi-Car/Step1-Data-Collection/DataCollected/IMG9/Image_1678904020277986.jpg,-1.028
/home/m5cs/Desktop/CNN-Autonomous-RPi-Car/Step1-Data-Collection/DataCollected/IMG9/Image_1678904020330241.jpg,-1.028
/home/m5cs/Desktop/CNN-Autonomous-RPi-Car/Step1-Data-Collection/DataCollected/IMG9/Image_1678904020389819.jpg,-1.028
/home/m5cs/Desktop/CNN-Autonomous-RPi-Car/Step1-Data-Collection/DataCollected/IMG9/Image_1678904020439186.jpg,-1.028
/home/m5cs/Desktop/CNN-Autonomous-RPi-Car/Step1-Data-Collection/DataCollected/IMG9/Image_1678904020489277.jpg,-1.028
/home/m5cs/Desktop/CNN-Autonomous-RPi-Car/Step1-Data-Collection/DataCollected/IMG9/Image_1678904020538884.jpg,-1.028
/home/m5cs/Desktop/CNN-Autonomous-RPi-Car/Step1-Data-Collection/DataCollected/IMG9/Image_1678904020589999.jpg,-1.028
/home/m5cs/Desktop/CNN-Autonomous-RPi-Car/Step1-Data-Collection/DataCollected/IMG9/Image_1678904020639922.jpg,-1.028
/home/m5cs/Desktop/CNN-Autonomous-RPi-Car/Step1-Data-Collection/DataCollected/IMG9/Image_1678904020696197.jpg,-1.028
/home/m5cs/Desktop/CNN-Autonomous-RPi-Car/Step1-Data-Collection/DataCollected/IMG9/Image_1678904020747989.jpg,-1.028
/home/m5cs/Desktop/CNN-Autonomous-RPi-Car/Step1-Data-Collection/DataCollected/IMG9/Image_1678904020801158.jpg,-1.028
/home/m5cs/Desktop/CNN-Autonomous-RPi-Car/Step1-Data-Collection/DataCollected/IMG9/Image_1678904020856188.jpg,-1.028
/home/m5cs/Desktop/CNN-Autonomous-RPi-Car/Step1-Data-Collection/DataCollected/IMG9/Image_1678904020908054.jpg,-1.028
/home/m5cs/Desktop/CNN-Autonomous-RPi-Car/Step1-Data-Collection/DataCollected/IMG9/Image_167890402096328.jpg,-1.028
/home/m5cs/Desktop/CNN-Autonomous-RPi-Car/Step1-Data-Collection/DataCollected/IMG9/Image_1678904021022138.jpg,-1.028
/home/m5cs/Desktop/CNN-Autonomous-RPi-Car/Step1-Data-Collection/DataCollected/IMG9/Image_1678904021090069.jpg,-1.028
/home/m5cs/Desktop/CNN-Autonomous-RPi-Car/Step1-Data-Collection/DataCollected/IMG9/Image_1678904021140797.jpg,-1.028
/home/m5cs/Desktop/CNN-Autonomous-RPi-Car/Step1-Data-Collection/DataCollected/IMG9/Image_167890402119352.jpg,-1.028
/home/m5cs/Desktop/CNN-Autonomous-RPi-Car/Step1-Data-Collection/DataCollected/IMG9/Image_1678904021246971.jpg,-1.028
/home/m5cs/Desktop/CNN-Autonomous-RPi-Car/Step1-Data-Collection/DataCollected/IMG9/Image_1678904021301359.jpg,-1.028
/home/m5cs/Desktop/CNN-Autonomous-RPi-Car/Step1-Data-Collection/DataCollected/IMG9/Image_1678904021354503.jpg,-1.028
/home/m5cs/Desktop/CNN-Autonomous-RPi-Car/Step1-Data-Collection/DataCollected/IMG9/Image_1678904021413709.jpg,-1.028
/home/m5cs/Desktop/CNN-Autonomous-RPi-Car/Step1-Data-Collection/DataCollected/IMG9/Image_1678904021462755.jpg,-1.028
/home/m5cs/Desktop/CNN-Autonomous-RPi-Car/Step1-Data-Collection/DataCollected/IMG9/Image_1678904021514473.jpg,-1.028
/home/m5cs/Desktop/CNN-Autonomous-RPi-Car/Step1-Data-Collection/DataCollected/IMG9/Image_1678904021565897.jpg,-1.028
/home/m5cs/Desktop/CNN-Autonomous-RPi-Car/Step1-Data-Collection/DataCollected/IMG9/Image_1678904021619916.jpg,-1.028
/home/m5cs/Desktop/CNN-Autonomous-RPi-Car/Step1-Data-Collection/DataCollected/IMG9/Image_1678904021669352.jpg,-1.028
/home/m5cs/Desktop/CNN-Autonomous-RPi-Car/Step1-Data-Collection/DataCollected/IMG9/Image_1678904021724611.jpg,-0.178
/home/m5cs/Desktop/CNN-Autonomous-RPi-Car/Step1-Data-Collection/DataCollected/IMG9/Image_1678904021780055.jpg,-0.028
/home/m5cs/Desktop/CNN-Autonomous-RPi-Car/Step1-Data-Collection/DataCollected/IMG9/Image_1678904021843187.jpg,-0.028
/home/m5cs/Desktop/CNN-Autonomous-RPi-Car/Step1-Data-Collection/DataCollected/IMG9/Image_1678904021900883.jpg,-0.028
/home/m5cs/Desktop/CNN-Autonomous-RPi-Car/Step1-Data-Collection/DataCollected/IMG9/Image_1678904021954413.jpg,-0.028
/home/m5cs/Desktop/CNN-Autonomous-RPi-Car/Step1-Data-Collection/DataCollected/IMG9/Image_1678904022011487.jpg,-0.028
/home/m5cs/Desktop/CNN-Autonomous-RPi-Car/Step1-Data-Collection/DataCollected/IMG9/Image_1678904022065353.jpg,-0.028
/home/m5cs/Desktop/CNN-Autonomous-RPi-Car/Step1-Data-Collection/DataCollected/IMG9/Image_167890402212465.jpg,-0.028
/home/m5cs/Desktop/CNN-Autonomous-RPi-Car/Step1-Data-Collection/DataCollected/IMG9/Image_1678904022176859.jpg,-0.028
/home/m5cs/Desktop/CNN-Autonomous-RPi-Car/Step1-Data-Collection/DataCollected/IMG9/Image_1678904022229963.jpg,-0.028
/home/m5cs/Desktop/CNN-Autonomous-RPi-Car/Step1-Data-Collection/DataCollected/IMG9/Image_16789040222839.jpg,-0.028
/home/m5cs/Desktop/CNN-Autonomous-RPi-Car/Step1-Data-Collection/DataCollected/IMG9/Image_1678904022332442.jpg,-0.028
/home/m5cs/Desktop/CNN-Autonomous-RPi-Car/Step1-Data-Collection/DataCollected/IMG9/Image_1678904022386328.jpg,-0.028
/home/m5cs/Desktop/CNN-Autonomous-RPi-Car/Step1-Data-Collection/DataCollected/IMG9/Image_1678904022441913.jpg,-0.028
/home/m5cs/Desktop/CNN-Autonomous-RPi-Car/Step1-Data-Collection/DataCollected/IMG9/Image_1678904022492272.jpg,-0.028
/home/m5cs/Desktop/CNN-Autonomous-RPi-Car/Step1-Data-Collection/DataCollected/IMG9/Image_1678904022543418.jpg,-0.028
/home/m5cs/Desktop/CNN-Autonomous-RPi-Car/Step1-Data-Collection/DataCollected/IMG9/Image_1678904022595598.jpg,-0.028
/home/m5cs/Desktop/CNN-Autonomous-RPi-Car/Step1-Data-Collection/DataCollected/IMG9/Image_1678904022648286.jpg,-0.028
/home/m5cs/Desktop/CNN-Autonomous-RPi-Car/Step1-Data-Collection/DataCollected/IMG9/Image_1678904022701213.jpg,-0.028
/home/m5cs/Desktop/CNN-Autonomous-RPi-Car/Step1-Data-Collection/DataCollected/IMG9/Image_1678904022759933.jpg,-0.028
/home/m5cs/Desktop/CNN-Autonomous-RPi-Car/Step1-Data-Collection/DataCollected/IMG9/Image_1678904022816427.jpg,-0.028
/home/m5cs/Desktop/CNN-Autonomous-RPi-Car/Step1-Data-Collection/DataCollected/IMG9/Image_1678904022870309.jpg,-0.028
/home/m5cs/Desktop/CNN-Autonomous-RPi-Car/Step1-Data-Collection/DataCollected/IMG9/Image_167890402292804.jpg,-0.028
/home/m5cs/Desktop/CNN-Autonomous-RPi-Car/Step1-Data-Collection/DataCollected/IMG9/Image_1678904022981465.jpg,-0.028
/home/m5cs/Desktop/CNN-Autonomous-RPi-Car/Step1-Data-Collection/DataCollected/IMG9/Image_1678904023036293.jpg,-0.028
/home/m5cs/Desktop/CNN-Autonomous-RPi-Car/Step1-Data-Collection/DataCollected/IMG9/Image_167890402309088.jpg,-0.028
/home/m5cs/Desktop/CNN-Autonomous-RPi-Car/Step1-Data-Collection/DataCollected/IMG9/Image_1678904023146165.jpg,-0.918
/home/m5cs/Desktop/CNN-Autonomous-RPi-Car/Step1-Data-Collection/DataCollected/IMG9/Image_1678904023201148.jpg,-1.028
/home/m5cs/Desktop/CNN-Autonomous-RPi-Car/Step1-Data-Collection/DataCollected/IMG9/Image_1678904023254131.jpg,-1.028
/home/m5cs/Desktop/CNN-Autonomous-RPi-Car/Step1-Data-Collection/DataCollected/IMG9/Image_1678904023304812.jpg,-1.028
/home/m5cs/Desktop/CNN-Autonomous-RPi-Car/Step1-Data-Collection/DataCollected/IMG9/Image_1678904023355944.jpg,-1.028
/home/m5cs/Desktop/CNN-Autonomous-RPi-Car/Step1-Data-Collection/DataCollected/IMG9/Image_1678904023406396.jpg,-1.028
/home/m5cs/Desktop/CNN-Autonomous-RPi-Car/Step1-Data-Collection/DataCollected/IMG9/Image_1678904023455175.jpg,-1.028
/home/m5cs/Desktop/CNN-Autonomous-RPi-Car/Step1-Data-Collection/DataCollected/IMG9/Image_1678904023505905.jpg,-1.028
/home/m5cs/Desktop/CNN-Autonomous-RPi-Car/Step1-Data-Collection/DataCollected/IMG9/Image_1678904023556249.jpg,-1.028
/home/m5cs/Desktop/CNN-Autonomous-RPi-Car/Step1-Data-Collection/DataCollected/IMG9/Image_1678904023604344.jpg,-1.028
/home/m5cs/Desktop/CNN-Autonomous-RPi-Car/Step1-Data-Collection/DataCollected/IMG9/Image_1678904023657806.jpg,-1.028
/home/m5cs/Desktop/CNN-Autonomous-RPi-Car/Step1-Data-Collection/DataCollected/IMG9/Image_1678904023707364.jpg,-1.028
/home/m5cs/Desktop/CNN-Autonomous-RPi-Car/Step1-Data-Collection/DataCollected/IMG9/Image_1678904023756925.jpg,-1.028
/home/m5cs/Desktop/CNN-Autonomous-RPi-Car/Step1-Data-Collection/DataCollected/IMG9/Image_1678904023808721.jpg,-1.028
/home/m5cs/Desktop/CNN-Autonomous-RPi-Car/Step1-Data-Collection/DataCollected/IMG9/Image_1678904023859072.jpg,-1.028
/home/m5cs/Desktop/CNN-Autonomous-RPi-Car/Step1-Data-Collection/DataCollected/IMG9/Image_167890402390734.jpg,-1.028
/home/m5cs/Desktop/CNN-Autonomous-RPi-Car/Step1-Data-Collection/DataCollected/IMG9/Image_1678904023958894.jpg,-1.028
/home/m5cs/Desktop/CNN-Autonomous-RPi-Car/Step1-Data-Collection/DataCollected/IMG9/Image_1678904024012364.jpg,-1.028
/home/m5cs/Desktop/CNN-Autonomous-RPi-Car/Step1-Data-Collection/DataCollected/IMG9/Image_167890402407392.jpg,-1.028
/home/m5cs/Desktop/CNN-Autonomous-RPi-Car/Step1-Data-Collection/DataCollected/IMG9/Image_1678904024127768.jpg,-1.028
/home/m5cs/Desktop/CNN-Autonomous-RPi-Car/Step1-Data-Collection/DataCollected/IMG9/Image_1678904024181838.jpg,-1.028
/home/m5cs/Desktop/CNN-Autonomous-RPi-Car/Step1-Data-Collection/DataCollected/IMG9/Image_1678904024235979.jpg,-1.028
/home/m5cs/Desktop/CNN-Autonomous-RPi-Car/Step1-Data-Collection/DataCollected/IMG9/Image_1678904024285576.jpg,-1.028
/home/m5cs/Desktop/CNN-Autonomous-RPi-Car/Step1-Data-Collection/DataCollected/IMG9/Image_1678904024350844.jpg,-1.028
/home/m5cs/Desktop/CNN-Autonomous-RPi-Car/Step1-Data-Collection/DataCollected/IMG9/Image_1678904024414553.jpg,-1.028
/home/m5cs/Desktop/CNN-Autonomous-RPi-Car/Step1-Data-Collection/DataCollected/IMG9/Image_1678904024465914.jpg,-1.028
/home/m5cs/Desktop/CNN-Autonomous-RPi-Car/Step1-Data-Collection/DataCollected/IMG9/Image_1678904024517079.jpg,-1.028
/home/m5cs/Desktop/CNN-Autonomous-RPi-Car/Step1-Data-Collection/DataCollected/IMG9/Image_1678904024565241.jpg,-1.028
/home/m5cs/Desktop/CNN-Autonomous-RPi-Car/Step1-Data-Collection/DataCollected/IMG9/Image_1678904024614998.jpg,-1.028
/home/m5cs/Desktop/CNN-Autonomous-RPi-Car/Step1-Data-Collection/DataCollected/IMG9/Image_1678904024663969.jpg,-1.028
/home/m5cs/Desktop/CNN-Autonomous-RPi-Car/Step1-Data-Collection/DataCollected/IMG9/Image_1678904024722444.jpg,-1.028
/home/m5cs/Desktop/CNN-Autonomous-RPi-Car/Step1-Data-Collection/DataCollected/IMG9/Image_1678904024773135.jpg,-1.028
/home/m5cs/Desktop/CNN-Autonomous-RPi-Car/Step1-Data-Collection/DataCollected/IMG9/Image_1678904024821425.jpg,-1.028
/home/m5cs/Desktop/CNN-Autonomous-RPi-Car/Step1-Data-Collection/DataCollected/IMG9/Image_1678904024871986.jpg,-1.028
/home/m5cs/Desktop/CNN-Autonomous-RPi-Car/Step1-Data-Collection/DataCollected/IMG9/Image_1678904024924431.jpg,-1.028
/home/m5cs/Desktop/CNN-Autonomous-RPi-Car/Step1-Data-Collection/DataCollected/IMG9/Image_1678904024976413.jpg,-1.028
/home/m5cs/Desktop/CNN-Autonomous-RPi-Car/Step1-Data-Collection/DataCollected/IMG9/Image_1678904025025276.jpg,-1.028
/home/m5cs/Desktop/CNN-Autonomous-RPi-Car/Step1-Data-Collection/DataCollected/IMG9/Image_1678904025075261.jpg,-1.028
/home/m5cs/Desktop/CNN-Autonomous-RPi-Car/Step1-Data-Collection/DataCollected/IMG9/Image_1678904025123081.jpg,-1.028
/home/m5cs/Desktop/CNN-Autonomous-RPi-Car/Step1-Data-Collection/DataCollected/IMG9/Image_1678904025173032.jpg,-1.028
/home/m5cs/Desktop/CNN-Autonomous-RPi-Car/Step1-Data-Collection/DataCollected/IMG9/Image_1678904025218591.jpg,-1.028
/home/m5cs/Desktop/CNN-Autonomous-RPi-Car/Step1-Data-Collection/DataCollected/IMG9/Image_1678904025272839.jpg,-1.028
/home/m5cs/Desktop/CNN-Autonomous-RPi-Car/Step1-Data-Collection/DataCollected/IMG9/Image_1678904025321563.jpg,-1.028
/home/m5cs/Desktop/CNN-Autonomous-RPi-Car/Step1-Data-Collection/DataCollected/IMG9/Image_1678904025376063.jpg,-1.028
/home/m5cs/Desktop/CNN-Autonomous-RPi-Car/Step1-Data-Collection/DataCollected/IMG9/Image_1678904025431005.jpg,-1.028
/home/m5cs/Desktop/CNN-Autonomous-RPi-Car/Step1-Data-Collection/DataCollected/IMG9/Image_167890402548625.jpg,-0.028
/home/m5cs/Desktop/CNN-Autonomous-RPi-Car/Step1-Data-Collection/DataCollected/IMG9/Image_1678904025537046.jpg,-0.028
/home/m5cs/Desktop/CNN-Autonomous-RPi-Car/Step1-Data-Collection/DataCollected/IMG9/Image_1678904025589687.jpg,-0.028
/home/m5cs/Desktop/CNN-Autonomous-RPi-Car/Step1-Data-Collection/DataCollected/IMG9/Image_1678904025641244.jpg,-0.028
/home/m5cs/Desktop/CNN-Autonomous-RPi-Car/Step1-Data-Collection/DataCollected/IMG9/Image_1678904025695366.jpg,-0.028
/home/m5cs/Desktop/CNN-Autonomous-RPi-Car/Step1-Data-Collection/DataCollected/IMG9/Image_1678904025750042.jpg,-0.028
/home/m5cs/Desktop/CNN-Autonomous-RPi-Car/Step1-Data-Collection/DataCollected/IMG9/Image_1678904025800315.jpg,-0.028
/home/m5cs/Desktop/CNN-Autonomous-RPi-Car/Step1-Data-Collection/DataCollected/IMG9/Image_1678904025849454.jpg,-0.028
/home/m5cs/Desktop/CNN-Autonomous-RPi-Car/Step1-Data-Collection/DataCollected/IMG9/Image_1678904025898729.jpg,-0.028
/home/m5cs/Desktop/CNN-Autonomous-RPi-Car/Step1-Data-Collection/DataCollected/IMG9/Image_1678904025947254.jpg,-0.028
/home/m5cs/Desktop/CNN-Autonomous-RPi-Car/Step1-Data-Collection/DataCollected/IMG9/Image_1678904026000171.jpg,-0.028
/home/m5cs/Desktop/CNN-Autonomous-RPi-Car/Step1-Data-Collection/DataCollected/IMG9/Image_1678904026059648.jpg,-0.028
/home/m5cs/Desktop/CNN-Autonomous-RPi-Car/Step1-Data-Collection/DataCollected/IMG9/Image_1678904026111539.jpg,-0.028
/home/m5cs/Desktop/CNN-Autonomous-RPi-Car/Step1-Data-Collection/DataCollected/IMG9/Image_1678904026167953.jpg,-0.028
/home/m5cs/Desktop/CNN-Autonomous-RPi-Car/Step1-Data-Collection/DataCollected/IMG9/Image_1678904026217823.jpg,-0.028
/home/m5cs/Desktop/CNN-Autonomous-RPi-Car/Step1-Data-Collection/DataCollected/IMG9/Image_167890402628097.jpg,-0.028
/home/m5cs/Desktop/CNN-Autonomous-RPi-Car/Step1-Data-Collection/DataCollected/IMG9/Image_1678904026334672.jpg,-0.028
/home/m5cs/Desktop/CNN-Autonomous-RPi-Car/Step1-Data-Collection/DataCollected/IMG9/Image_1678904026392324.jpg,-0.028
/home/m5cs/Desktop/CNN-Autonomous-RPi-Car/Step1-Data-Collection/DataCollected/IMG9/Image_167890402645133.jpg,-0.028
/home/m5cs/Desktop/CNN-Autonomous-RPi-Car/Step1-Data-Collection/DataCollected/IMG9/Image_167890402650542.jpg,-0.028
/home/m5cs/Desktop/CNN-Autonomous-RPi-Car/Step1-Data-Collection/DataCollected/IMG9/Image_1678904026561621.jpg,-0.028
/home/m5cs/Desktop/CNN-Autonomous-RPi-Car/Step1-Data-Collection/DataCollected/IMG9/Image_1678904026613834.jpg,-0.028
/home/m5cs/Desktop/CNN-Autonomous-RPi-Car/Step1-Data-Collection/DataCollected/IMG9/Image_1678904026672868.jpg,-0.028
/home/m5cs/Desktop/CNN-Autonomous-RPi-Car/Step1-Data-Collection/DataCollected/IMG9/Image_1678904026725154.jpg,-0.028
/home/m5cs/Desktop/CNN-Autonomous-RPi-Car/Step1-Data-Collection/DataCollected/IMG9/Image_1678904026781909.jpg,-0.028
/home/m5cs/Desktop/CNN-Autonomous-RPi-Car/Step1-Data-Collection/DataCollected/IMG9/Image_1678904026837255.jpg,-0.028
/home/m5cs/Desktop/CNN-Autonomous-RPi-Car/Step1-Data-Collection/DataCollected/IMG9/Image_1678904026892593.jpg,-0.028
/home/m5cs/Desktop/CNN-Autonomous-RPi-Car/Step1-Data-Collection/DataCollected/IMG9/Image_1678904026940932.jpg,-0.028
/home/m5cs/Desktop/CNN-Autonomous-RPi-Car/Step1-Data-Collection/DataCollected/IMG9/Image_1678904026992312.jpg,-0.028
/home/m5cs/Desktop/CNN-Autonomous-RPi-Car/Step1-Data-Collection/DataCollected/IMG9/Image_1678904027043868.jpg,-0.028
/home/m5cs/Desktop/CNN-Autonomous-RPi-Car/Step1-Data-Collection/DataCollected/IMG9/Image_1678904027093729.jpg,-0.028
/home/m5cs/Desktop/CNN-Autonomous-RPi-Car/Step1-Data-Collection/DataCollected/IMG9/Image_1678904027144635.jpg,-0.028
/home/m5cs/Desktop/CNN-Autonomous-RPi-Car/Step1-Data-Collection/DataCollected/IMG9/Image_1678904027194674.jpg,-0.028
/home/m5cs/Desktop/CNN-Autonomous-RPi-Car/Step1-Data-Collection/DataCollected/IMG9/Image_1678904027247748.jpg,-0.028
/home/m5cs/Desktop/CNN-Autonomous-RPi-Car/Step1-Data-Collection/DataCollected/IMG9/Image_1678904027297268.jpg,-0.028
/home/m5cs/Desktop/CNN-Autonomous-RPi-Car/Step1-Data-Collection/DataCollected/IMG9/Image_1678904027359607.jpg,-0.118
/home/m5cs/Desktop/CNN-Autonomous-RPi-Car/Step1-Data-Collection/DataCollected/IMG9/Image_1678904027417248.jpg,-1.028
/home/m5cs/Desktop/CNN-Autonomous-RPi-Car/Step1-Data-Collection/DataCollected/IMG9/Image_1678904027481659.jpg,-1.028
/home/m5cs/Desktop/CNN-Autonomous-RPi-Car/Step1-Data-Collection/DataCollected/IMG9/Image_1678904027538676.jpg,-1.028
/home/m5cs/Desktop/CNN-Autonomous-RPi-Car/Step1-Data-Collection/DataCollected/IMG9/Image_1678904027596796.jpg,-1.028
/home/m5cs/Desktop/CNN-Autonomous-RPi-Car/Step1-Data-Collection/DataCollected/IMG9/Image_1678904027650372.jpg,-1.028
/home/m5cs/Desktop/CNN-Autonomous-RPi-Car/Step1-Data-Collection/DataCollected/IMG9/Image_1678904027701619.jpg,-1.028
/home/m5cs/Desktop/CNN-Autonomous-RPi-Car/Step1-Data-Collection/DataCollected/IMG9/Image_1678904027753283.jpg,-0.028
/home/m5cs/Desktop/CNN-Autonomous-RPi-Car/Step1-Data-Collection/DataCollected/IMG9/Image_1678904027805735.jpg,-0.028
/home/m5cs/Desktop/CNN-Autonomous-RPi-Car/Step1-Data-Collection/DataCollected/IMG9/Image_1678904027857819.jpg,-0.028
/home/m5cs/Desktop/CNN-Autonomous-RPi-Car/Step1-Data-Collection/DataCollected/IMG9/Image_1678904027908571.jpg,-0.028
/home/m5cs/Desktop/CNN-Autonomous-RPi-Car/Step1-Data-Collection/DataCollected/IMG9/Image_1678904027959101.jpg,-0.028
/home/m5cs/Desktop/CNN-Autonomous-RPi-Car/Step1-Data-Collection/DataCollected/IMG9/Image_167890402800949.jpg,-0.028
/home/m5cs/Desktop/CNN-Autonomous-RPi-Car/Step1-Data-Collection/DataCollected/IMG9/Image_1678904028061875.jpg,-0.028
/home/m5cs/Desktop/CNN-Autonomous-RPi-Car/Step1-Data-Collection/DataCollected/IMG9/Image_1678904028117227.jpg,-0.028
/home/m5cs/Desktop/CNN-Autonomous-RPi-Car/Step1-Data-Collection/DataCollected/IMG9/Image_1678904028169193.jpg,-0.028
/home/m5cs/Desktop/CNN-Autonomous-RPi-Car/Step1-Data-Collection/DataCollected/IMG9/Image_1678904028220799.jpg,-0.028
/home/m5cs/Desktop/CNN-Autonomous-RPi-Car/Step1-Data-Collection/DataCollected/IMG9/Image_1678904028269803.jpg,-0.028
/home/m5cs/Desktop/CNN-Autonomous-RPi-Car/Step1-Data-Collection/DataCollected/IMG9/Image_1678904028322543.jpg,-0.028
/home/m5cs/Desktop/CNN-Autonomous-RPi-Car/Step1-Data-Collection/DataCollected/IMG9/Image_1678904028370774.jpg,-0.028
/home/m5cs/Desktop/CNN-Autonomous-RPi-Car/Step1-Data-Collection/DataCollected/IMG9/Image_167890402842163.jpg,-0.028
